/*
 Navicat Premium Data Transfer

 Source Server         : docker_mysql
 Source Server Type    : MySQL
 Source Server Version : 50728
 Source Host           : 127.0.0.1:3306
 Source Schema         : bbs_base

 Target Server Type    : MySQL
 Target Server Version : 50728
 File Encoding         : 65001

 Date: 11/01/2020 23:10:45
*/

SET NAMES utf8mb4;
SET FOREIGN_KEY_CHECKS = 0;

-- ----------------------------
-- Table structure for categories
-- ----------------------------
DROP TABLE IF EXISTS `categories`;
CREATE TABLE `categories` (
  `id` int(10) unsigned NOT NULL AUTO_INCREMENT,
  `name` varchar(255) COLLATE utf8mb4_unicode_ci NOT NULL COMMENT '名称',
  `description` text COLLATE utf8mb4_unicode_ci COMMENT '描述',
  PRIMARY KEY (`id`),
  KEY `categories_name_index` (`name`)
) ENGINE=InnoDB AUTO_INCREMENT=5 DEFAULT CHARSET=utf8mb4 COLLATE=utf8mb4_unicode_ci COMMENT='分类表';

-- ----------------------------
-- Records of categories
-- ----------------------------
BEGIN;
INSERT INTO `categories` VALUES (1, '分享', '分享创造，分享发现');
INSERT INTO `categories` VALUES (2, '教程', '开发技巧、推荐扩展包等');
INSERT INTO `categories` VALUES (3, '问答', '请保持友善，互帮互助');
INSERT INTO `categories` VALUES (4, '公告', '站点公告');
COMMIT;

-- ----------------------------
-- Table structure for replies
-- ----------------------------
DROP TABLE IF EXISTS `replies`;
CREATE TABLE `replies` (
  `id` int(10) unsigned NOT NULL AUTO_INCREMENT,
  `topic_id` int(10) unsigned NOT NULL DEFAULT '0' COMMENT '话题id',
  `user_id` int(10) unsigned NOT NULL DEFAULT '0' COMMENT '用户id',
  `content` text COLLATE utf8mb4_unicode_ci NOT NULL COMMENT '回复内容',
  `create_time` int(10) unsigned DEFAULT '0' COMMENT '添加时间',
  `update_time` int(10) unsigned DEFAULT '0' COMMENT '更新时间',
  PRIMARY KEY (`id`),
  KEY `replies_topic_id_index` (`topic_id`),
  KEY `replies_user_id_index` (`user_id`)
) ENGINE=InnoDB AUTO_INCREMENT=1001 DEFAULT CHARSET=utf8mb4 COLLATE=utf8mb4_unicode_ci COMMENT='回复表';

-- ----------------------------
-- Records of replies
-- ----------------------------
BEGIN;
INSERT INTO `replies` VALUES (1, 24, 2, 'Sed eos iusto at praesentium quia.', 0, 0);
INSERT INTO `replies` VALUES (2, 94, 8, 'Mollitia rem at error vero adipisci qui.', 0, 0);
INSERT INTO `replies` VALUES (3, 95, 5, 'Vitae quisquam optio et voluptas mollitia ut dolor.', 0, 0);
INSERT INTO `replies` VALUES (4, 73, 7, 'Rerum quibusdam ad culpa et.', 0, 0);
INSERT INTO `replies` VALUES (5, 15, 8, 'Illum nam culpa autem magnam voluptates accusamus repellat.', 0, 0);
INSERT INTO `replies` VALUES (6, 10, 1, 'Eum quod non nostrum error.', 0, 0);
INSERT INTO `replies` VALUES (7, 28, 1, 'Sint est ea qui saepe libero et hic.', 0, 0);
INSERT INTO `replies` VALUES (8, 34, 5, 'In eligendi aliquam voluptas architecto laudantium.', 0, 0);
INSERT INTO `replies` VALUES (9, 82, 2, 'Dolore eaque reiciendis accusamus et.', 0, 0);
INSERT INTO `replies` VALUES (10, 51, 8, 'Consequuntur aliquam aut dolore fugit nisi.', 0, 0);
INSERT INTO `replies` VALUES (11, 56, 9, 'Doloremque beatae ullam numquam est.', 0, 0);
INSERT INTO `replies` VALUES (12, 95, 4, 'Id in architecto fugiat ut modi.', 0, 0);
INSERT INTO `replies` VALUES (13, 5, 2, 'Nihil beatae dolorem aperiam sit a laudantium qui.', 0, 0);
INSERT INTO `replies` VALUES (14, 93, 2, 'Quibusdam dolor non alias earum accusantium ut.', 0, 0);
INSERT INTO `replies` VALUES (15, 62, 5, 'Modi hic provident repellendus assumenda occaecati quia.', 0, 0);
INSERT INTO `replies` VALUES (16, 15, 4, 'Corrupti tenetur omnis provident est.', 0, 0);
INSERT INTO `replies` VALUES (17, 89, 2, 'Illo sit dolor reiciendis incidunt.', 0, 0);
INSERT INTO `replies` VALUES (18, 53, 8, 'Corrupti ipsa atque eius error dolore ut ipsum.', 0, 0);
INSERT INTO `replies` VALUES (19, 84, 3, 'Itaque fuga laudantium maiores est reprehenderit consequuntur consectetur.', 0, 0);
INSERT INTO `replies` VALUES (20, 67, 10, 'Explicabo perspiciatis reprehenderit placeat quia laudantium fugit voluptatem.', 0, 0);
INSERT INTO `replies` VALUES (21, 31, 1, 'Sequi voluptas ut illo sed delectus voluptatibus reprehenderit.', 0, 0);
INSERT INTO `replies` VALUES (22, 5, 9, 'Dolorem eveniet corrupti sunt quia quae culpa corporis.', 0, 0);
INSERT INTO `replies` VALUES (23, 64, 2, 'Omnis in rerum magni sapiente excepturi voluptatum voluptatum tempore.', 0, 0);
INSERT INTO `replies` VALUES (24, 52, 4, 'Omnis laborum porro laudantium aut architecto nisi minima deserunt.', 0, 0);
INSERT INTO `replies` VALUES (25, 86, 9, 'Quas molestiae officia in repellendus aperiam temporibus.', 0, 0);
INSERT INTO `replies` VALUES (26, 40, 10, 'Aut harum eligendi assumenda rerum ea.', 0, 0);
INSERT INTO `replies` VALUES (27, 20, 5, 'Corporis dolorum porro expedita at non vero.', 0, 0);
INSERT INTO `replies` VALUES (28, 18, 9, 'Animi iure et non est vel.', 0, 0);
INSERT INTO `replies` VALUES (29, 42, 9, 'Quisquam aut neque vero expedita et quam dolorum.', 0, 0);
INSERT INTO `replies` VALUES (30, 40, 5, 'Cupiditate magni minus porro nostrum sint quisquam.', 0, 0);
INSERT INTO `replies` VALUES (31, 94, 9, 'Deserunt fugiat voluptatem architecto officia beatae hic.', 0, 0);
INSERT INTO `replies` VALUES (32, 18, 5, 'Et soluta veritatis laboriosam ut id odit deserunt sed.', 0, 0);
INSERT INTO `replies` VALUES (33, 1, 8, 'Quia quas sint et corporis suscipit molestiae molestiae velit.', 0, 0);
INSERT INTO `replies` VALUES (34, 57, 5, 'Ad omnis eum necessitatibus.', 0, 0);
INSERT INTO `replies` VALUES (35, 71, 3, 'Velit doloribus eum velit cupiditate fugiat.', 0, 0);
INSERT INTO `replies` VALUES (36, 35, 2, 'Quia qui id modi iure voluptates.', 0, 0);
INSERT INTO `replies` VALUES (37, 37, 6, 'Dolorum et quisquam aut.', 0, 0);
INSERT INTO `replies` VALUES (38, 93, 8, 'Facilis molestiae minima sint dolor cumque ipsum voluptatem ipsa.', 0, 0);
INSERT INTO `replies` VALUES (39, 17, 5, 'Corporis nisi mollitia numquam ullam.', 0, 0);
INSERT INTO `replies` VALUES (40, 74, 5, 'Omnis architecto sapiente aut.', 0, 0);
INSERT INTO `replies` VALUES (41, 92, 7, 'Qui ex temporibus perspiciatis.', 0, 0);
INSERT INTO `replies` VALUES (42, 5, 7, 'Itaque ratione ea iusto omnis error ut sed.', 0, 0);
INSERT INTO `replies` VALUES (43, 31, 6, 'Fugiat sit veritatis vero vero.', 0, 0);
INSERT INTO `replies` VALUES (44, 72, 7, 'Fugit in voluptates consequuntur vel.', 0, 0);
INSERT INTO `replies` VALUES (45, 37, 10, 'Veritatis nemo ad repellat adipisci at.', 0, 0);
INSERT INTO `replies` VALUES (46, 68, 6, 'Vero animi odit ea eos.', 0, 0);
INSERT INTO `replies` VALUES (47, 19, 5, 'Tempora quae esse doloribus blanditiis porro velit.', 0, 0);
INSERT INTO `replies` VALUES (48, 37, 5, 'Nobis sunt velit saepe qui ipsa vel corporis.', 0, 0);
INSERT INTO `replies` VALUES (49, 98, 9, 'Non unde dicta consequuntur itaque.', 0, 0);
INSERT INTO `replies` VALUES (50, 84, 1, 'Blanditiis quia at quae hic ea.', 0, 0);
INSERT INTO `replies` VALUES (51, 75, 7, 'Non omnis omnis magni deleniti veritatis consectetur.', 0, 0);
INSERT INTO `replies` VALUES (52, 49, 8, 'Fuga dolorem ea neque.', 0, 0);
INSERT INTO `replies` VALUES (53, 25, 1, 'Fugiat enim corrupti rerum doloribus.', 0, 0);
INSERT INTO `replies` VALUES (54, 75, 10, 'Repellendus rem doloremque enim ipsa sunt quia magnam.', 0, 0);
INSERT INTO `replies` VALUES (55, 17, 3, 'Omnis autem eos sit.', 0, 0);
INSERT INTO `replies` VALUES (56, 19, 5, 'Perferendis quia quo mollitia.', 0, 0);
INSERT INTO `replies` VALUES (57, 21, 7, 'Dolorem fuga recusandae porro quas cumque sit.', 0, 0);
INSERT INTO `replies` VALUES (58, 61, 1, 'Reiciendis amet accusantium et nesciunt veritatis minus voluptas.', 0, 0);
INSERT INTO `replies` VALUES (59, 28, 3, 'Reiciendis repellendus id minus sed facere suscipit explicabo.', 0, 0);
INSERT INTO `replies` VALUES (60, 47, 1, 'Ex eligendi ipsa voluptatem.', 0, 0);
INSERT INTO `replies` VALUES (61, 68, 10, 'Magnam illo quo excepturi eaque.', 0, 0);
INSERT INTO `replies` VALUES (62, 85, 8, 'Aut molestiae recusandae occaecati.', 0, 0);
INSERT INTO `replies` VALUES (63, 23, 6, 'Debitis in optio laborum ex tempora.', 0, 0);
INSERT INTO `replies` VALUES (64, 6, 1, 'Et reprehenderit est quibusdam qui accusamus consequatur exercitationem cum.', 0, 0);
INSERT INTO `replies` VALUES (65, 13, 2, 'Nihil consequatur sed sit voluptatum.', 0, 0);
INSERT INTO `replies` VALUES (66, 20, 3, 'Labore quos quos atque quo.', 0, 0);
INSERT INTO `replies` VALUES (67, 88, 2, 'Et non est quasi debitis id illo.', 0, 0);
INSERT INTO `replies` VALUES (68, 14, 7, 'Numquam non maxime laboriosam optio labore non.', 0, 0);
INSERT INTO `replies` VALUES (69, 90, 7, 'Labore voluptates enim vel rerum saepe quia.', 0, 0);
INSERT INTO `replies` VALUES (70, 46, 7, 'Delectus odit aspernatur consequatur eos velit quae.', 0, 0);
INSERT INTO `replies` VALUES (71, 4, 1, 'Ullam fuga debitis non non et ut.', 0, 0);
INSERT INTO `replies` VALUES (72, 21, 6, 'Perferendis itaque nihil facilis consequatur.', 0, 0);
INSERT INTO `replies` VALUES (73, 51, 3, 'Nulla ut cupiditate tenetur repellat molestias iusto.', 0, 0);
INSERT INTO `replies` VALUES (74, 45, 3, 'Eius vel eum ut odio architecto.', 0, 0);
INSERT INTO `replies` VALUES (75, 72, 6, 'Aut rem ut eveniet ab quibusdam dolor libero sint.', 0, 0);
INSERT INTO `replies` VALUES (76, 37, 9, 'Voluptas nisi dicta magnam est quas mollitia in.', 0, 0);
INSERT INTO `replies` VALUES (77, 29, 6, 'Blanditiis maxime quis est qui eius.', 0, 0);
INSERT INTO `replies` VALUES (78, 24, 3, 'Qui omnis aperiam distinctio quia autem ea ipsam.', 0, 0);
INSERT INTO `replies` VALUES (79, 91, 4, 'Numquam hic dolor rerum voluptate corrupti in earum et.', 0, 0);
INSERT INTO `replies` VALUES (80, 97, 5, 'Et saepe illum quibusdam in odit eius delectus.', 0, 0);
INSERT INTO `replies` VALUES (81, 68, 3, 'Dolores in illo unde voluptatem aspernatur sed sunt doloremque.', 0, 0);
INSERT INTO `replies` VALUES (82, 27, 7, 'In rerum iure quas autem.', 0, 0);
INSERT INTO `replies` VALUES (83, 66, 4, 'Aperiam voluptas sit quidem voluptas et aut.', 0, 0);
INSERT INTO `replies` VALUES (84, 30, 1, 'Ipsam aut consequatur cumque aut odio.', 0, 0);
INSERT INTO `replies` VALUES (85, 22, 9, 'Explicabo odit iusto at magnam.', 0, 0);
INSERT INTO `replies` VALUES (86, 58, 2, 'Assumenda qui totam ipsa laboriosam.', 0, 0);
INSERT INTO `replies` VALUES (87, 86, 10, 'Illo perferendis quia ut est eos.', 0, 0);
INSERT INTO `replies` VALUES (88, 25, 6, 'Molestias aut distinctio deserunt deserunt sint repellendus cupiditate.', 0, 0);
INSERT INTO `replies` VALUES (89, 27, 2, 'Officiis delectus est et voluptatum repudiandae.', 0, 0);
INSERT INTO `replies` VALUES (90, 81, 6, 'Beatae necessitatibus veniam esse molestiae qui odio.', 0, 0);
INSERT INTO `replies` VALUES (91, 73, 9, 'Voluptatem voluptates maiores ut consectetur.', 0, 0);
INSERT INTO `replies` VALUES (92, 16, 8, 'Officiis nihil qui quae excepturi distinctio qui.', 0, 0);
INSERT INTO `replies` VALUES (93, 64, 7, 'Non magni aliquid est ad laborum qui harum.', 0, 0);
INSERT INTO `replies` VALUES (94, 98, 2, 'Voluptatum ex eligendi quia nemo ab omnis quod.', 0, 0);
INSERT INTO `replies` VALUES (95, 96, 10, 'Maiores cupiditate officiis sed facere corporis debitis inventore.', 0, 0);
INSERT INTO `replies` VALUES (96, 12, 2, 'Vel dicta nam quaerat ad eos omnis.', 0, 0);
INSERT INTO `replies` VALUES (97, 49, 10, 'Molestias ut ut autem deserunt quas et.', 0, 0);
INSERT INTO `replies` VALUES (98, 89, 5, 'Velit sequi vitae distinctio laboriosam dolores illum.', 0, 0);
INSERT INTO `replies` VALUES (99, 44, 7, 'Laudantium quia mollitia qui quisquam sunt dolorum.', 0, 0);
INSERT INTO `replies` VALUES (100, 75, 8, 'Quos ab dolore qui aut quod.', 0, 0);
INSERT INTO `replies` VALUES (101, 99, 9, 'Sunt alias sit perspiciatis autem.', 0, 0);
INSERT INTO `replies` VALUES (102, 99, 8, 'Suscipit consectetur temporibus aut nihil.', 0, 0);
INSERT INTO `replies` VALUES (103, 41, 6, 'Est consequatur tenetur sed adipisci et debitis in fugit.', 0, 0);
INSERT INTO `replies` VALUES (104, 4, 10, 'Iure enim et autem est vel.', 0, 0);
INSERT INTO `replies` VALUES (105, 86, 10, 'Nostrum quia et impedit ad perferendis voluptatem eum.', 0, 0);
INSERT INTO `replies` VALUES (106, 83, 3, 'Ipsa sed voluptas ratione velit qui natus.', 0, 0);
INSERT INTO `replies` VALUES (107, 12, 1, 'Cumque eos neque et eveniet at quia asperiores exercitationem.', 0, 0);
INSERT INTO `replies` VALUES (108, 26, 5, 'Aut fuga aut quo reiciendis nostrum atque pariatur.', 0, 0);
INSERT INTO `replies` VALUES (109, 90, 4, 'Inventore repellat exercitationem sunt.', 0, 0);
INSERT INTO `replies` VALUES (110, 84, 9, 'Impedit tempora est aliquid.', 0, 0);
INSERT INTO `replies` VALUES (111, 2, 9, 'Debitis in nulla iusto nisi.', 0, 0);
INSERT INTO `replies` VALUES (112, 1, 8, 'Dolores quis in eveniet adipisci totam ducimus et.', 0, 0);
INSERT INTO `replies` VALUES (113, 100, 5, 'Autem veniam sed voluptatibus nam et sit excepturi aliquid.', 0, 0);
INSERT INTO `replies` VALUES (114, 89, 5, 'Quo ut aut quis autem molestiae veniam odio.', 0, 0);
INSERT INTO `replies` VALUES (115, 54, 2, 'Voluptatibus iste ipsa quibusdam totam exercitationem.', 0, 0);
INSERT INTO `replies` VALUES (116, 65, 6, 'Soluta illo exercitationem voluptatem temporibus tenetur a necessitatibus tenetur.', 0, 0);
INSERT INTO `replies` VALUES (117, 48, 8, 'Est adipisci beatae qui dolor labore eaque accusantium.', 0, 0);
INSERT INTO `replies` VALUES (118, 92, 7, 'Exercitationem dolorum quidem quis facere iure sunt consequatur.', 0, 0);
INSERT INTO `replies` VALUES (119, 64, 10, 'Tempora quaerat rerum voluptatibus rerum optio quidem quasi.', 0, 0);
INSERT INTO `replies` VALUES (120, 70, 1, 'Laborum voluptatem cum reprehenderit.', 0, 0);
INSERT INTO `replies` VALUES (121, 87, 2, 'Provident eos et saepe qui nisi est deleniti.', 0, 0);
INSERT INTO `replies` VALUES (122, 38, 4, 'Consequatur inventore et hic qui non dolore deserunt nihil.', 0, 0);
INSERT INTO `replies` VALUES (123, 61, 8, 'Qui voluptatem ipsum nobis et.', 0, 0);
INSERT INTO `replies` VALUES (124, 60, 4, 'Impedit consequatur sed et odit modi.', 0, 0);
INSERT INTO `replies` VALUES (125, 89, 8, 'Deleniti asperiores numquam nulla.', 0, 0);
INSERT INTO `replies` VALUES (126, 22, 8, 'Qui ut atque fugiat quia alias qui.', 0, 0);
INSERT INTO `replies` VALUES (127, 60, 9, 'Eaque occaecati praesentium beatae non.', 0, 0);
INSERT INTO `replies` VALUES (128, 40, 9, 'Non iure est eius voluptas beatae placeat soluta.', 0, 0);
INSERT INTO `replies` VALUES (129, 46, 5, 'Qui quia voluptate praesentium magnam eius aperiam.', 0, 0);
INSERT INTO `replies` VALUES (130, 23, 5, 'Architecto aut soluta voluptate nihil in.', 0, 0);
INSERT INTO `replies` VALUES (131, 81, 1, 'Qui quae quidem aliquid et quos natus.', 0, 0);
INSERT INTO `replies` VALUES (132, 8, 7, 'Exercitationem blanditiis illum ipsum corrupti ipsum.', 0, 0);
INSERT INTO `replies` VALUES (133, 71, 3, 'Est aut voluptatem laborum dolore.', 0, 0);
INSERT INTO `replies` VALUES (134, 79, 2, 'Repudiandae non rem et.', 0, 0);
INSERT INTO `replies` VALUES (135, 63, 3, 'At deleniti nihil minus ex ab.', 0, 0);
INSERT INTO `replies` VALUES (136, 95, 5, 'Porro assumenda rerum tempore sit sequi porro ab.', 0, 0);
INSERT INTO `replies` VALUES (137, 83, 5, 'Ipsum quia quam est molestias saepe dolorem explicabo.', 0, 0);
INSERT INTO `replies` VALUES (138, 1, 2, 'Perferendis enim ducimus et.', 0, 0);
INSERT INTO `replies` VALUES (139, 21, 4, 'Dolore magnam maiores voluptatem incidunt eos.', 0, 0);
INSERT INTO `replies` VALUES (140, 50, 3, 'Enim ut suscipit est alias omnis et consequatur.', 0, 0);
INSERT INTO `replies` VALUES (141, 55, 3, 'Quo similique consequatur consequuntur ut ut.', 0, 0);
INSERT INTO `replies` VALUES (142, 7, 6, 'Animi deleniti in in accusamus adipisci ad.', 0, 0);
INSERT INTO `replies` VALUES (143, 95, 3, 'Earum unde incidunt eum quo quia quia.', 0, 0);
INSERT INTO `replies` VALUES (144, 56, 7, 'Sit unde vel inventore excepturi accusamus eum autem.', 0, 0);
INSERT INTO `replies` VALUES (145, 87, 3, 'Praesentium veritatis iste est commodi nisi voluptates cum.', 0, 0);
INSERT INTO `replies` VALUES (146, 74, 6, 'Maxime provident sint a aspernatur animi totam.', 0, 0);
INSERT INTO `replies` VALUES (147, 23, 3, 'Cum vel maiores laboriosam molestiae corporis dolore.', 0, 0);
INSERT INTO `replies` VALUES (148, 10, 8, 'Ad aspernatur repudiandae dolor necessitatibus doloremque sit eos.', 0, 0);
INSERT INTO `replies` VALUES (149, 59, 4, 'Ducimus perferendis perferendis quam adipisci.', 0, 0);
INSERT INTO `replies` VALUES (150, 27, 1, 'Ut necessitatibus veniam sint a aut suscipit nobis.', 0, 0);
INSERT INTO `replies` VALUES (151, 38, 8, 'Ut hic quaerat aut sint sit.', 0, 0);
INSERT INTO `replies` VALUES (152, 19, 5, 'Accusamus illo enim quae fugiat dolorum accusantium vel.', 0, 0);
INSERT INTO `replies` VALUES (153, 43, 5, 'Magnam totam est et error labore consequatur.', 0, 0);
INSERT INTO `replies` VALUES (154, 9, 3, 'Ratione eaque ratione quos quia velit.', 0, 0);
INSERT INTO `replies` VALUES (155, 70, 1, 'Sequi explicabo et officiis nobis quaerat totam cumque.', 0, 0);
INSERT INTO `replies` VALUES (156, 51, 10, 'Quia provident molestiae a dolorum voluptatibus.', 0, 0);
INSERT INTO `replies` VALUES (157, 53, 1, 'Asperiores perspiciatis harum ratione minima ut qui.', 0, 0);
INSERT INTO `replies` VALUES (158, 20, 4, 'Expedita et vel aut modi.', 0, 0);
INSERT INTO `replies` VALUES (159, 89, 1, 'Dolorem laboriosam similique consequatur pariatur.', 0, 0);
INSERT INTO `replies` VALUES (160, 7, 9, 'Quo autem nihil consequatur non voluptatem in quia.', 0, 0);
INSERT INTO `replies` VALUES (161, 46, 6, 'Ea nostrum sunt ullam non provident explicabo vel.', 0, 0);
INSERT INTO `replies` VALUES (162, 62, 3, 'Aut adipisci porro enim voluptas officia aliquid modi.', 0, 0);
INSERT INTO `replies` VALUES (163, 35, 7, 'Temporibus beatae optio tempore iusto dolor aut ipsa.', 0, 0);
INSERT INTO `replies` VALUES (164, 74, 5, 'Et autem voluptatum eos suscipit.', 0, 0);
INSERT INTO `replies` VALUES (165, 19, 9, 'Possimus molestiae eaque aut reiciendis porro consectetur.', 0, 0);
INSERT INTO `replies` VALUES (166, 59, 7, 'Earum quo enim repellat reprehenderit repellat.', 0, 0);
INSERT INTO `replies` VALUES (167, 61, 4, 'Cumque excepturi vel voluptas nemo sed ex ut.', 0, 0);
INSERT INTO `replies` VALUES (168, 60, 3, 'Voluptatem dicta id qui possimus reiciendis.', 0, 0);
INSERT INTO `replies` VALUES (169, 71, 7, 'Dolor ducimus id dolores.', 0, 0);
INSERT INTO `replies` VALUES (170, 1, 9, 'Nobis voluptas totam consequatur.', 0, 0);
INSERT INTO `replies` VALUES (171, 68, 7, 'Excepturi iusto aliquam est debitis.', 0, 0);
INSERT INTO `replies` VALUES (172, 18, 2, 'Rerum vitae praesentium aperiam reiciendis odio.', 0, 0);
INSERT INTO `replies` VALUES (173, 58, 8, 'Nostrum quas vero ut voluptatem distinctio quia ut.', 0, 0);
INSERT INTO `replies` VALUES (174, 37, 3, 'Eius repellat et est.', 0, 0);
INSERT INTO `replies` VALUES (175, 31, 8, 'Dicta et quo quidem consequatur.', 0, 0);
INSERT INTO `replies` VALUES (176, 58, 7, 'Consequatur aut enim occaecati repudiandae enim quasi et.', 0, 0);
INSERT INTO `replies` VALUES (177, 80, 1, 'Consequatur aut quis aut et pariatur.', 0, 0);
INSERT INTO `replies` VALUES (178, 16, 1, 'Doloremque suscipit ipsam eligendi voluptate et est.', 0, 0);
INSERT INTO `replies` VALUES (179, 82, 6, 'Ullam occaecati suscipit et et molestiae.', 0, 0);
INSERT INTO `replies` VALUES (180, 5, 3, 'Perspiciatis incidunt voluptas odio ducimus mollitia voluptates quidem.', 0, 0);
INSERT INTO `replies` VALUES (181, 12, 9, 'Aut ut et quae illum ut.', 0, 0);
INSERT INTO `replies` VALUES (182, 95, 10, 'Id doloribus molestiae sequi omnis velit officiis laudantium dolorem.', 0, 0);
INSERT INTO `replies` VALUES (183, 72, 6, 'Quis dignissimos nesciunt vel dolor.', 0, 0);
INSERT INTO `replies` VALUES (184, 53, 1, 'Veniam voluptatibus omnis laborum quibusdam delectus perferendis cum.', 0, 0);
INSERT INTO `replies` VALUES (185, 43, 2, 'Quis sit molestias vitae sit voluptatum quas eos.', 0, 0);
INSERT INTO `replies` VALUES (186, 21, 7, 'Voluptatem similique in voluptatem quibusdam debitis.', 0, 0);
INSERT INTO `replies` VALUES (187, 69, 5, 'Facilis deserunt in aut facilis.', 0, 0);
INSERT INTO `replies` VALUES (188, 85, 7, 'Dignissimos est eaque sed.', 0, 0);
INSERT INTO `replies` VALUES (189, 29, 7, 'Illum sit dolore sed quo nam quod dolor.', 0, 0);
INSERT INTO `replies` VALUES (190, 88, 4, 'Odio ipsa ut non voluptatem aliquam et tempore quia.', 0, 0);
INSERT INTO `replies` VALUES (191, 84, 3, 'Dignissimos suscipit minima quod.', 0, 0);
INSERT INTO `replies` VALUES (192, 10, 6, 'Ut eum libero repudiandae consequuntur itaque earum minus in.', 0, 0);
INSERT INTO `replies` VALUES (193, 67, 2, 'Eius iste quis repellendus qui sed sed laboriosam.', 0, 0);
INSERT INTO `replies` VALUES (194, 6, 5, 'Blanditiis minima est cupiditate mollitia.', 0, 0);
INSERT INTO `replies` VALUES (195, 69, 5, 'Iste asperiores eligendi tenetur consequatur ut est quis eos.', 0, 0);
INSERT INTO `replies` VALUES (196, 16, 10, 'Inventore voluptatem animi aut sapiente autem voluptas.', 0, 0);
INSERT INTO `replies` VALUES (197, 97, 7, 'Eveniet iure unde possimus ullam ad.', 0, 0);
INSERT INTO `replies` VALUES (198, 47, 1, 'Quo reprehenderit quidem earum distinctio.', 0, 0);
INSERT INTO `replies` VALUES (199, 63, 4, 'Consequatur voluptas soluta officiis fuga quidem ut quae.', 0, 0);
INSERT INTO `replies` VALUES (200, 65, 5, 'Aut id nesciunt magni.', 0, 0);
INSERT INTO `replies` VALUES (201, 27, 9, 'Omnis atque est quis alias.', 0, 0);
INSERT INTO `replies` VALUES (202, 56, 2, 'Voluptas itaque tenetur voluptate optio.', 0, 0);
INSERT INTO `replies` VALUES (203, 34, 7, 'Asperiores id dolorum ut officia porro non.', 0, 0);
INSERT INTO `replies` VALUES (204, 47, 9, 'Eos vero vero occaecati tenetur voluptates saepe rerum voluptas.', 0, 0);
INSERT INTO `replies` VALUES (205, 83, 7, 'Ipsam id necessitatibus esse quis eius voluptate autem porro.', 0, 0);
INSERT INTO `replies` VALUES (206, 93, 10, 'Suscipit beatae autem corrupti illum facere veniam eligendi.', 0, 0);
INSERT INTO `replies` VALUES (207, 13, 8, 'Consequatur voluptas eos quisquam aut qui minima eos nobis.', 0, 0);
INSERT INTO `replies` VALUES (208, 37, 6, 'Iusto aut consectetur quisquam et perferendis illum quia.', 0, 0);
INSERT INTO `replies` VALUES (209, 84, 5, 'Dolorum maxime animi corporis ut nihil omnis.', 0, 0);
INSERT INTO `replies` VALUES (210, 61, 10, 'Qui quaerat in qui sint nemo tempora nulla.', 0, 0);
INSERT INTO `replies` VALUES (211, 98, 8, 'Laborum iusto recusandae distinctio at totam.', 0, 0);
INSERT INTO `replies` VALUES (212, 91, 10, 'Vitae soluta quos laudantium sed officia earum sint rerum.', 0, 0);
INSERT INTO `replies` VALUES (213, 68, 10, 'Et qui assumenda exercitationem sit harum quo.', 0, 0);
INSERT INTO `replies` VALUES (214, 8, 5, 'Voluptates et quia non non consequatur ea ipsam.', 0, 0);
INSERT INTO `replies` VALUES (215, 46, 7, 'Quibusdam recusandae vel at quaerat ut.', 0, 0);
INSERT INTO `replies` VALUES (216, 48, 4, 'Voluptatum quibusdam optio id molestiae et.', 0, 0);
INSERT INTO `replies` VALUES (217, 31, 3, 'Et consequatur provident blanditiis doloribus corporis.', 0, 0);
INSERT INTO `replies` VALUES (218, 88, 4, 'Est est nobis laudantium expedita laboriosam accusamus.', 0, 0);
INSERT INTO `replies` VALUES (219, 66, 4, 'Ad earum porro culpa sit omnis deleniti in.', 0, 0);
INSERT INTO `replies` VALUES (220, 89, 2, 'Exercitationem voluptatem soluta ab ipsum omnis.', 0, 0);
INSERT INTO `replies` VALUES (221, 93, 3, 'Recusandae ullam ipsam dolore adipisci.', 0, 0);
INSERT INTO `replies` VALUES (222, 91, 2, 'Minus dolores omnis natus.', 0, 0);
INSERT INTO `replies` VALUES (223, 56, 4, 'Id earum fugit esse error ea vel.', 0, 0);
INSERT INTO `replies` VALUES (224, 13, 1, 'Est ipsam asperiores voluptatem nulla.', 0, 0);
INSERT INTO `replies` VALUES (225, 15, 10, 'Est at provident non cupiditate.', 0, 0);
INSERT INTO `replies` VALUES (226, 47, 8, 'Quas qui aliquam pariatur incidunt et laborum eos unde.', 0, 0);
INSERT INTO `replies` VALUES (227, 99, 9, 'Cum facilis vitae eligendi reprehenderit sint praesentium dicta.', 0, 0);
INSERT INTO `replies` VALUES (228, 61, 5, 'Quos dolor et delectus ab aut.', 0, 0);
INSERT INTO `replies` VALUES (229, 8, 5, 'Aut quis quo tempora cupiditate.', 0, 0);
INSERT INTO `replies` VALUES (230, 2, 7, 'Repudiandae voluptas ab et animi temporibus.', 0, 0);
INSERT INTO `replies` VALUES (231, 66, 6, 'Magnam blanditiis quis mollitia dolore incidunt aut quam.', 0, 0);
INSERT INTO `replies` VALUES (232, 16, 3, 'Et hic deleniti et labore vel architecto accusantium.', 0, 0);
INSERT INTO `replies` VALUES (233, 49, 9, 'Ab aliquid praesentium sint vel.', 0, 0);
INSERT INTO `replies` VALUES (234, 22, 7, 'A et cum aspernatur vel asperiores laboriosam itaque.', 0, 0);
INSERT INTO `replies` VALUES (235, 59, 5, 'Et ratione consequuntur adipisci expedita officiis.', 0, 0);
INSERT INTO `replies` VALUES (236, 14, 9, 'Eos et est aspernatur inventore nulla quisquam debitis.', 0, 0);
INSERT INTO `replies` VALUES (237, 28, 3, 'Facilis perferendis quod nam accusantium asperiores nostrum.', 0, 0);
INSERT INTO `replies` VALUES (238, 60, 3, 'Minus maxime id nemo ducimus sed.', 0, 0);
INSERT INTO `replies` VALUES (239, 4, 3, 'Dicta nulla et iure vel aut.', 0, 0);
INSERT INTO `replies` VALUES (240, 17, 2, 'Nulla aut natus unde natus quia consequatur deserunt.', 0, 0);
INSERT INTO `replies` VALUES (241, 31, 6, 'Ad id repudiandae consequuntur.', 0, 0);
INSERT INTO `replies` VALUES (242, 15, 4, 'Sed harum eaque voluptas rerum rem cumque voluptatem.', 0, 0);
INSERT INTO `replies` VALUES (243, 70, 4, 'Nobis temporibus sequi ut nihil qui non.', 0, 0);
INSERT INTO `replies` VALUES (244, 98, 7, 'Ut minima itaque reiciendis accusantium distinctio quasi eos.', 0, 0);
INSERT INTO `replies` VALUES (245, 16, 8, 'Expedita reprehenderit ut id excepturi.', 0, 0);
INSERT INTO `replies` VALUES (246, 54, 8, 'Non ad quia et porro nobis veritatis.', 0, 0);
INSERT INTO `replies` VALUES (247, 96, 4, 'Fugiat et omnis qui rerum iusto qui dicta.', 0, 0);
INSERT INTO `replies` VALUES (248, 13, 10, 'Suscipit distinctio sapiente exercitationem neque.', 0, 0);
INSERT INTO `replies` VALUES (249, 54, 5, 'Atque laborum omnis dolores ut dolor assumenda est.', 0, 0);
INSERT INTO `replies` VALUES (250, 69, 9, 'Quidem sit sit qui dolorem.', 0, 0);
INSERT INTO `replies` VALUES (251, 29, 2, 'Velit vel inventore facere necessitatibus.', 0, 0);
INSERT INTO `replies` VALUES (252, 2, 8, 'Rerum reprehenderit nihil dolorem cumque.', 0, 0);
INSERT INTO `replies` VALUES (253, 41, 2, 'Magni dolorum quis fugit.', 0, 0);
INSERT INTO `replies` VALUES (254, 64, 10, 'Ullam repudiandae voluptas dolorem corrupti eum asperiores.', 0, 0);
INSERT INTO `replies` VALUES (255, 46, 8, 'Libero porro fugit tenetur nemo ducimus sit quam.', 0, 0);
INSERT INTO `replies` VALUES (256, 11, 9, 'Et facilis quae deleniti quia.', 0, 0);
INSERT INTO `replies` VALUES (257, 28, 5, 'Tempore dolor est voluptate officiis nam ea aspernatur.', 0, 0);
INSERT INTO `replies` VALUES (258, 83, 2, 'Ab nemo qui dolorem tempore distinctio dolores.', 0, 0);
INSERT INTO `replies` VALUES (259, 56, 6, 'Soluta sunt quo blanditiis dolor beatae in aliquam.', 0, 0);
INSERT INTO `replies` VALUES (260, 44, 5, 'Qui cumque omnis sint consequatur provident.', 0, 0);
INSERT INTO `replies` VALUES (261, 30, 2, 'Ex vero fuga et est.', 0, 0);
INSERT INTO `replies` VALUES (262, 42, 4, 'Non aliquam mollitia necessitatibus in rem consequatur.', 0, 0);
INSERT INTO `replies` VALUES (263, 17, 8, 'Voluptatum blanditiis provident repellendus eos et dolor occaecati.', 0, 0);
INSERT INTO `replies` VALUES (264, 43, 4, 'Fugit id molestias dolorem fugiat voluptas.', 0, 0);
INSERT INTO `replies` VALUES (265, 83, 10, 'Eius porro officia molestias voluptates deserunt nemo.', 0, 0);
INSERT INTO `replies` VALUES (266, 84, 7, 'Numquam autem sunt aliquid maiores praesentium fugit.', 0, 0);
INSERT INTO `replies` VALUES (267, 14, 5, 'Earum corporis eos similique est asperiores omnis cupiditate.', 0, 0);
INSERT INTO `replies` VALUES (268, 20, 2, 'Qui sit nisi reprehenderit ipsam.', 0, 0);
INSERT INTO `replies` VALUES (269, 14, 10, 'Id aliquam quas expedita esse id.', 0, 0);
INSERT INTO `replies` VALUES (270, 54, 4, 'Consequatur in ipsam sit quibusdam.', 0, 0);
INSERT INTO `replies` VALUES (271, 99, 10, 'Doloremque aspernatur fugiat assumenda temporibus totam.', 0, 0);
INSERT INTO `replies` VALUES (272, 34, 3, 'Neque est vel consectetur at.', 0, 0);
INSERT INTO `replies` VALUES (273, 49, 3, 'Dolor quidem laudantium quia voluptas cupiditate quam ex.', 0, 0);
INSERT INTO `replies` VALUES (274, 34, 3, 'Doloribus ea voluptas voluptatum perferendis qui.', 0, 0);
INSERT INTO `replies` VALUES (275, 52, 2, 'Perspiciatis sint tempora et veritatis possimus.', 0, 0);
INSERT INTO `replies` VALUES (276, 29, 2, 'Ipsum ut qui exercitationem vel.', 0, 0);
INSERT INTO `replies` VALUES (277, 26, 1, 'Non ut accusamus tempora tenetur excepturi.', 0, 0);
INSERT INTO `replies` VALUES (278, 11, 4, 'Modi accusamus sunt molestias.', 0, 0);
INSERT INTO `replies` VALUES (279, 65, 6, 'Illo sit quia sunt.', 0, 0);
INSERT INTO `replies` VALUES (280, 54, 4, 'Iste quaerat quam ad nulla id voluptatem.', 0, 0);
INSERT INTO `replies` VALUES (281, 10, 7, 'Ut neque eum modi asperiores beatae qui.', 0, 0);
INSERT INTO `replies` VALUES (282, 90, 4, 'Doloribus et minima officiis dolores.', 0, 0);
INSERT INTO `replies` VALUES (283, 75, 2, 'Nostrum officiis dicta et eaque.', 0, 0);
INSERT INTO `replies` VALUES (284, 94, 7, 'Eos eveniet deserunt quis.', 0, 0);
INSERT INTO `replies` VALUES (285, 23, 9, 'Omnis facilis et praesentium necessitatibus libero vel.', 0, 0);
INSERT INTO `replies` VALUES (286, 42, 10, 'Nobis expedita sapiente molestias aspernatur aliquam provident illum.', 0, 0);
INSERT INTO `replies` VALUES (287, 29, 10, 'Qui totam ut omnis minima ratione repellendus.', 0, 0);
INSERT INTO `replies` VALUES (288, 92, 1, 'Saepe officia qui quasi id ducimus doloremque et.', 0, 0);
INSERT INTO `replies` VALUES (289, 18, 1, 'Odit vel qui quod veniam quos quo.', 0, 0);
INSERT INTO `replies` VALUES (290, 94, 3, 'Dolore nihil quia nihil autem qui expedita.', 0, 0);
INSERT INTO `replies` VALUES (291, 1, 9, 'Voluptas voluptatem ut quam aspernatur aut sunt magnam.', 0, 0);
INSERT INTO `replies` VALUES (292, 91, 5, 'Quas quisquam rerum veniam molestias ducimus itaque.', 0, 0);
INSERT INTO `replies` VALUES (293, 94, 6, 'Qui reiciendis dolor adipisci ducimus.', 0, 0);
INSERT INTO `replies` VALUES (294, 10, 5, 'Nam quia dolor ullam et.', 0, 0);
INSERT INTO `replies` VALUES (295, 45, 9, 'Alias voluptas odio et sit et perferendis laboriosam laudantium.', 0, 0);
INSERT INTO `replies` VALUES (296, 41, 6, 'Reiciendis quidem voluptas praesentium officia quidem asperiores culpa.', 0, 0);
INSERT INTO `replies` VALUES (297, 16, 9, 'Voluptatibus voluptatum ipsum deserunt et qui.', 0, 0);
INSERT INTO `replies` VALUES (298, 77, 3, 'Doloribus cumque debitis repellat explicabo sed quo exercitationem.', 0, 0);
INSERT INTO `replies` VALUES (299, 76, 3, 'Debitis voluptatem sint molestiae enim ut mollitia vitae est.', 0, 0);
INSERT INTO `replies` VALUES (300, 27, 1, 'Vero omnis eum quis quibusdam.', 0, 0);
INSERT INTO `replies` VALUES (301, 98, 1, 'Vel autem laboriosam est hic aut quia nihil.', 0, 0);
INSERT INTO `replies` VALUES (302, 42, 5, 'Asperiores rerum vero autem itaque reiciendis.', 0, 0);
INSERT INTO `replies` VALUES (303, 93, 8, 'Placeat vero aliquid nostrum hic est.', 0, 0);
INSERT INTO `replies` VALUES (304, 94, 1, 'In sed cum qui magni ipsum.', 0, 0);
INSERT INTO `replies` VALUES (305, 5, 3, 'Enim blanditiis ab temporibus ut voluptas nihil.', 0, 0);
INSERT INTO `replies` VALUES (306, 26, 1, 'Distinctio enim possimus modi fugiat quia mollitia.', 0, 0);
INSERT INTO `replies` VALUES (307, 60, 10, 'Libero sunt consequatur quae tempora.', 0, 0);
INSERT INTO `replies` VALUES (308, 53, 10, 'Consequatur omnis voluptate aspernatur temporibus optio fugiat consequatur eligendi.', 0, 0);
INSERT INTO `replies` VALUES (309, 71, 10, 'Eum quos deserunt nihil et.', 0, 0);
INSERT INTO `replies` VALUES (310, 6, 1, 'Suscipit eveniet alias qui assumenda.', 0, 0);
INSERT INTO `replies` VALUES (311, 37, 10, 'Maiores molestiae repellendus ex est impedit quidem.', 0, 0);
INSERT INTO `replies` VALUES (312, 70, 6, 'Dolor et quisquam molestias vel quo consequuntur quaerat.', 0, 0);
INSERT INTO `replies` VALUES (313, 14, 8, 'Sit veritatis dolores quia.', 0, 0);
INSERT INTO `replies` VALUES (314, 47, 8, 'Veritatis similique accusantium perspiciatis laborum id molestias.', 0, 0);
INSERT INTO `replies` VALUES (315, 40, 6, 'Voluptatem quaerat veniam pariatur qui nulla.', 0, 0);
INSERT INTO `replies` VALUES (316, 84, 4, 'Aut pariatur qui consequatur placeat atque.', 0, 0);
INSERT INTO `replies` VALUES (317, 75, 1, 'Non rerum officiis et repellat dicta reiciendis voluptatem.', 0, 0);
INSERT INTO `replies` VALUES (318, 89, 4, 'Cupiditate impedit minus et voluptatem in architecto.', 0, 0);
INSERT INTO `replies` VALUES (319, 94, 7, 'Dolor iure aut ut quidem quaerat quos repudiandae ratione.', 0, 0);
INSERT INTO `replies` VALUES (320, 86, 3, 'Nesciunt aut nemo omnis aut eius aut sed.', 0, 0);
INSERT INTO `replies` VALUES (321, 100, 5, 'Consectetur assumenda a consequatur minus ut adipisci.', 0, 0);
INSERT INTO `replies` VALUES (322, 62, 6, 'Ullam voluptatem et qui.', 0, 0);
INSERT INTO `replies` VALUES (323, 31, 10, 'Ullam omnis ut velit reiciendis.', 0, 0);
INSERT INTO `replies` VALUES (324, 18, 3, 'Ullam odio quibusdam autem est.', 0, 0);
INSERT INTO `replies` VALUES (325, 76, 3, 'Dolores sapiente et itaque totam eaque voluptatem.', 0, 0);
INSERT INTO `replies` VALUES (326, 12, 1, 'Quo labore impedit dicta vero dolores quia qui.', 0, 0);
INSERT INTO `replies` VALUES (327, 82, 8, 'Laboriosam dignissimos nostrum expedita dolorem et fugit quidem.', 0, 0);
INSERT INTO `replies` VALUES (328, 12, 10, 'Nesciunt suscipit in consequatur cupiditate animi qui.', 0, 0);
INSERT INTO `replies` VALUES (329, 96, 1, 'Doloremque similique qui doloremque ab quam.', 0, 0);
INSERT INTO `replies` VALUES (330, 80, 10, 'At sunt id eum doloribus quidem aut sed.', 0, 0);
INSERT INTO `replies` VALUES (331, 70, 7, 'Voluptatem ut praesentium vel vel.', 0, 0);
INSERT INTO `replies` VALUES (332, 78, 8, 'Velit est magnam iure accusamus odit.', 0, 0);
INSERT INTO `replies` VALUES (333, 6, 9, 'Et officia esse et sunt quod aliquam dolore.', 0, 0);
INSERT INTO `replies` VALUES (334, 46, 5, 'Qui ut ipsum odio corrupti.', 0, 0);
INSERT INTO `replies` VALUES (335, 1, 5, 'Ipsa sapiente ut ut soluta.', 0, 0);
INSERT INTO `replies` VALUES (336, 95, 8, 'Ut aperiam dolorem assumenda eos sint.', 0, 0);
INSERT INTO `replies` VALUES (337, 15, 4, 'Ex nemo porro iure ratione quae modi tempora.', 0, 0);
INSERT INTO `replies` VALUES (338, 78, 4, 'Sint rerum quia maiores.', 0, 0);
INSERT INTO `replies` VALUES (339, 37, 6, 'Ad minus officia vel.', 0, 0);
INSERT INTO `replies` VALUES (340, 100, 7, 'Animi recusandae sit enim voluptas temporibus.', 0, 0);
INSERT INTO `replies` VALUES (341, 44, 4, 'Omnis quaerat quas aliquid.', 0, 0);
INSERT INTO `replies` VALUES (342, 17, 8, 'Et aut in nostrum eius ut hic omnis.', 0, 0);
INSERT INTO `replies` VALUES (343, 35, 7, 'Incidunt libero qui non hic in odio voluptatum.', 0, 0);
INSERT INTO `replies` VALUES (344, 24, 9, 'Impedit praesentium cupiditate quibusdam autem eum est quo.', 0, 0);
INSERT INTO `replies` VALUES (345, 36, 5, 'Non non dolores quis minus.', 0, 0);
INSERT INTO `replies` VALUES (346, 23, 1, 'Id totam repudiandae adipisci cumque similique veritatis quo optio.', 0, 0);
INSERT INTO `replies` VALUES (347, 89, 8, 'Consequuntur minus qui earum ipsa omnis.', 0, 0);
INSERT INTO `replies` VALUES (348, 25, 5, 'Ea vel qui nihil porro dolorum.', 0, 0);
INSERT INTO `replies` VALUES (349, 82, 8, 'Sapiente quia ut impedit expedita aliquam minima.', 0, 0);
INSERT INTO `replies` VALUES (350, 49, 9, 'Totam autem est eligendi quos et est suscipit sunt.', 0, 0);
INSERT INTO `replies` VALUES (351, 86, 4, 'Rerum vero saepe aperiam sint.', 0, 0);
INSERT INTO `replies` VALUES (352, 90, 4, 'Eos ullam voluptate nobis.', 0, 0);
INSERT INTO `replies` VALUES (353, 41, 9, 'Labore sed sapiente dolores suscipit itaque.', 0, 0);
INSERT INTO `replies` VALUES (354, 92, 1, 'Ab beatae iure iure et nihil sint aut.', 0, 0);
INSERT INTO `replies` VALUES (355, 39, 3, 'Ratione odit dolore dolor non.', 0, 0);
INSERT INTO `replies` VALUES (356, 22, 8, 'Ea numquam et beatae libero.', 0, 0);
INSERT INTO `replies` VALUES (357, 64, 1, 'Unde sint sed voluptatum consectetur.', 0, 0);
INSERT INTO `replies` VALUES (358, 63, 5, 'Nihil qui autem asperiores et qui.', 0, 0);
INSERT INTO `replies` VALUES (359, 80, 7, 'Dolores porro est exercitationem dolores at nihil veniam.', 0, 0);
INSERT INTO `replies` VALUES (360, 69, 3, 'Sunt atque voluptas laudantium velit et ea dicta.', 0, 0);
INSERT INTO `replies` VALUES (361, 4, 6, 'Ut libero reprehenderit ut at et et et veritatis.', 0, 0);
INSERT INTO `replies` VALUES (362, 25, 6, 'Qui velit est aut et.', 0, 0);
INSERT INTO `replies` VALUES (363, 30, 5, 'Blanditiis est aut ut incidunt.', 0, 0);
INSERT INTO `replies` VALUES (364, 86, 10, 'Qui ut recusandae voluptatem aut ullam eum.', 0, 0);
INSERT INTO `replies` VALUES (365, 27, 6, 'Nihil magni error adipisci libero quis asperiores praesentium.', 0, 0);
INSERT INTO `replies` VALUES (366, 74, 2, 'Eos dolorum in explicabo.', 0, 0);
INSERT INTO `replies` VALUES (367, 11, 2, 'Ipsum quis qui eius voluptas.', 0, 0);
INSERT INTO `replies` VALUES (368, 82, 4, 'Non veritatis laborum aut perferendis omnis.', 0, 0);
INSERT INTO `replies` VALUES (369, 57, 7, 'Facilis quo velit harum ut.', 0, 0);
INSERT INTO `replies` VALUES (370, 48, 5, 'Sed quae neque minus animi eos consectetur.', 0, 0);
INSERT INTO `replies` VALUES (371, 41, 8, 'Non eaque similique facere est reiciendis hic.', 0, 0);
INSERT INTO `replies` VALUES (372, 77, 3, 'Corporis est voluptatem est quia aut.', 0, 0);
INSERT INTO `replies` VALUES (373, 63, 6, 'Vitae quae labore asperiores et.', 0, 0);
INSERT INTO `replies` VALUES (374, 91, 4, 'Nostrum expedita ut aut porro aperiam hic ut.', 0, 0);
INSERT INTO `replies` VALUES (375, 91, 7, 'Eius quod corporis eum nisi.', 0, 0);
INSERT INTO `replies` VALUES (376, 23, 7, 'Qui est itaque quaerat voluptates cupiditate fugit ut id.', 0, 0);
INSERT INTO `replies` VALUES (377, 94, 10, 'Nam ipsam sed provident.', 0, 0);
INSERT INTO `replies` VALUES (378, 17, 4, 'Vitae cumque deserunt reiciendis et odio doloribus.', 0, 0);
INSERT INTO `replies` VALUES (379, 78, 1, 'Corrupti recusandae quibusdam quo et ad iste tempora.', 0, 0);
INSERT INTO `replies` VALUES (380, 59, 1, 'Veniam porro ut sint aliquam rem dicta.', 0, 0);
INSERT INTO `replies` VALUES (381, 7, 5, 'Quo eaque est veniam sapiente.', 0, 0);
INSERT INTO `replies` VALUES (382, 62, 1, 'Eveniet quam blanditiis blanditiis ut in fugiat.', 0, 0);
INSERT INTO `replies` VALUES (383, 54, 4, 'Ut temporibus at dolor mollitia ab voluptas quas explicabo.', 0, 0);
INSERT INTO `replies` VALUES (384, 40, 10, 'Et aut labore ullam similique ullam sint non.', 0, 0);
INSERT INTO `replies` VALUES (385, 46, 8, 'Et esse dolores aperiam magni.', 0, 0);
INSERT INTO `replies` VALUES (386, 4, 3, 'Quasi voluptas repellendus quaerat reiciendis dolores aliquid reiciendis voluptate.', 0, 0);
INSERT INTO `replies` VALUES (387, 74, 3, 'Voluptatum beatae consectetur qui quae.', 0, 0);
INSERT INTO `replies` VALUES (388, 54, 9, 'Voluptates unde nesciunt aut architecto rerum.', 0, 0);
INSERT INTO `replies` VALUES (389, 83, 9, 'Accusantium sunt voluptas consequatur et magni eveniet aperiam dolorem.', 0, 0);
INSERT INTO `replies` VALUES (390, 69, 8, 'Quidem ratione non saepe et.', 0, 0);
INSERT INTO `replies` VALUES (391, 2, 4, 'Nisi voluptatem iusto aut dolores delectus.', 0, 0);
INSERT INTO `replies` VALUES (392, 74, 10, 'Tenetur dolorem ratione officiis est eos.', 0, 0);
INSERT INTO `replies` VALUES (393, 86, 2, 'Dolorum cum qui voluptate.', 0, 0);
INSERT INTO `replies` VALUES (394, 95, 4, 'Veniam voluptatem quis nam eius sint expedita.', 0, 0);
INSERT INTO `replies` VALUES (395, 93, 10, 'Repellendus voluptatibus nemo accusantium a iure.', 0, 0);
INSERT INTO `replies` VALUES (396, 97, 8, 'Velit est voluptates eos voluptas dolores libero rerum.', 0, 0);
INSERT INTO `replies` VALUES (397, 88, 9, 'Id consequatur quia voluptatum corrupti iste quia.', 0, 0);
INSERT INTO `replies` VALUES (398, 67, 8, 'Qui unde quas iusto accusantium eos.', 0, 0);
INSERT INTO `replies` VALUES (399, 58, 2, 'Dicta non eligendi dolores iusto nihil et commodi.', 0, 0);
INSERT INTO `replies` VALUES (400, 89, 5, 'Labore est iste velit velit consequatur.', 0, 0);
INSERT INTO `replies` VALUES (401, 60, 5, 'Labore similique alias error quidem iure consequatur nisi.', 0, 0);
INSERT INTO `replies` VALUES (402, 69, 8, 'Error eveniet consequatur eligendi ratione.', 0, 0);
INSERT INTO `replies` VALUES (403, 38, 4, 'Qui voluptas provident quia consequatur a.', 0, 0);
INSERT INTO `replies` VALUES (404, 42, 7, 'In aut numquam ut quaerat eos.', 0, 0);
INSERT INTO `replies` VALUES (405, 57, 9, 'Voluptatum optio ex aut tenetur.', 0, 0);
INSERT INTO `replies` VALUES (406, 1, 6, 'Facilis voluptas non nihil.', 0, 0);
INSERT INTO `replies` VALUES (407, 14, 3, 'Illo cupiditate praesentium architecto dicta.', 0, 0);
INSERT INTO `replies` VALUES (408, 68, 8, 'Ullam aliquam id et et.', 0, 0);
INSERT INTO `replies` VALUES (409, 33, 3, 'Praesentium et et officiis culpa possimus eum.', 0, 0);
INSERT INTO `replies` VALUES (410, 21, 2, 'Non fugit voluptate omnis earum eligendi eveniet.', 0, 0);
INSERT INTO `replies` VALUES (411, 48, 8, 'Neque deleniti placeat eveniet numquam amet.', 0, 0);
INSERT INTO `replies` VALUES (412, 52, 9, 'Cum odit accusantium minima aperiam.', 0, 0);
INSERT INTO `replies` VALUES (413, 73, 4, 'Facere sunt necessitatibus animi iure sit.', 0, 0);
INSERT INTO `replies` VALUES (414, 51, 4, 'Ea rerum numquam qui tempore.', 0, 0);
INSERT INTO `replies` VALUES (415, 29, 1, 'Sed nesciunt enim dolores quis.', 0, 0);
INSERT INTO `replies` VALUES (416, 41, 9, 'Ratione eveniet ratione repudiandae quos voluptatem delectus assumenda.', 0, 0);
INSERT INTO `replies` VALUES (417, 96, 2, 'Asperiores natus voluptatem assumenda quia sit in et sed.', 0, 0);
INSERT INTO `replies` VALUES (418, 45, 2, 'Pariatur esse architecto quod mollitia similique.', 0, 0);
INSERT INTO `replies` VALUES (419, 71, 4, 'Repellat laborum eius eos dolores deleniti consequuntur.', 0, 0);
INSERT INTO `replies` VALUES (420, 4, 3, 'Autem accusamus quaerat facilis numquam dicta non aliquam.', 0, 0);
INSERT INTO `replies` VALUES (421, 42, 5, 'Rerum est quos dolore quis commodi illo rerum non.', 0, 0);
INSERT INTO `replies` VALUES (422, 37, 6, 'Quas neque qui ut distinctio sequi aperiam.', 0, 0);
INSERT INTO `replies` VALUES (423, 64, 6, 'Dolore sit nesciunt expedita id laboriosam.', 0, 0);
INSERT INTO `replies` VALUES (424, 8, 10, 'Et sapiente aut qui laborum eos fugiat quia.', 0, 0);
INSERT INTO `replies` VALUES (425, 67, 1, 'Consequatur aut omnis ea alias sed.', 0, 0);
INSERT INTO `replies` VALUES (426, 95, 6, 'Fuga recusandae consequatur et accusantium est.', 0, 0);
INSERT INTO `replies` VALUES (427, 46, 6, 'In sit in doloribus dolorem ea itaque voluptas nisi.', 0, 0);
INSERT INTO `replies` VALUES (428, 77, 8, 'Voluptas laborum libero consequatur omnis fuga necessitatibus.', 0, 0);
INSERT INTO `replies` VALUES (429, 47, 9, 'Ex soluta ut quasi in nesciunt qui.', 0, 0);
INSERT INTO `replies` VALUES (430, 71, 3, 'Veritatis vitae porro non quo dicta.', 0, 0);
INSERT INTO `replies` VALUES (431, 92, 6, 'Doloremque ut eveniet aut laborum ea harum nihil.', 0, 0);
INSERT INTO `replies` VALUES (432, 3, 9, 'Aut qui eum ut maxime.', 0, 0);
INSERT INTO `replies` VALUES (433, 10, 5, 'Accusantium officia autem voluptatibus dolorem.', 0, 0);
INSERT INTO `replies` VALUES (434, 55, 3, 'Non qui neque dolores sit distinctio quaerat esse.', 0, 0);
INSERT INTO `replies` VALUES (435, 98, 7, 'Quibusdam repudiandae magnam autem magnam quisquam aut dolores.', 0, 0);
INSERT INTO `replies` VALUES (436, 31, 9, 'Natus quidem atque recusandae dolorem et cupiditate a.', 0, 0);
INSERT INTO `replies` VALUES (437, 43, 6, 'Voluptas laborum commodi commodi esse.', 0, 0);
INSERT INTO `replies` VALUES (438, 57, 4, 'Voluptas eum ut rerum quia magni voluptate aut.', 0, 0);
INSERT INTO `replies` VALUES (439, 63, 10, 'Et rerum neque minus voluptatem vel quisquam sit.', 0, 0);
INSERT INTO `replies` VALUES (440, 32, 10, 'Velit iste maxime maiores illum totam.', 0, 0);
INSERT INTO `replies` VALUES (441, 23, 2, 'Delectus nulla velit minima ipsam.', 0, 0);
INSERT INTO `replies` VALUES (442, 36, 7, 'Sed consectetur sit fuga et ex.', 0, 0);
INSERT INTO `replies` VALUES (443, 44, 2, 'Rem sed et veritatis voluptatem.', 0, 0);
INSERT INTO `replies` VALUES (444, 58, 5, 'Sapiente quis iste eos nulla qui expedita ea sunt.', 0, 0);
INSERT INTO `replies` VALUES (445, 3, 6, 'Sed sint beatae aliquam rem et autem tempora.', 0, 0);
INSERT INTO `replies` VALUES (446, 20, 8, 'Necessitatibus voluptas voluptate mollitia et quo debitis.', 0, 0);
INSERT INTO `replies` VALUES (447, 25, 1, 'Qui nihil id nihil dolorem nostrum numquam.', 0, 0);
INSERT INTO `replies` VALUES (448, 71, 8, 'Optio cupiditate quis sunt aut.', 0, 0);
INSERT INTO `replies` VALUES (449, 98, 1, 'Rem id unde magni.', 0, 0);
INSERT INTO `replies` VALUES (450, 65, 9, 'Assumenda dolor ducimus cupiditate neque occaecati accusantium.', 0, 0);
INSERT INTO `replies` VALUES (451, 42, 5, 'Eum ut vel explicabo incidunt molestias quod voluptatem.', 0, 0);
INSERT INTO `replies` VALUES (452, 100, 10, 'Fugit blanditiis dolores ut quasi adipisci minus.', 0, 0);
INSERT INTO `replies` VALUES (453, 77, 9, 'Quas quidem voluptas maiores et excepturi.', 0, 0);
INSERT INTO `replies` VALUES (454, 69, 3, 'Minima fugit et culpa eaque consequatur laboriosam veniam.', 0, 0);
INSERT INTO `replies` VALUES (455, 7, 10, 'Sunt voluptatem corrupti est suscipit voluptates architecto.', 0, 0);
INSERT INTO `replies` VALUES (456, 63, 5, 'Non porro enim id perferendis dolores natus quia consequatur.', 0, 0);
INSERT INTO `replies` VALUES (457, 62, 1, 'Illum nostrum esse qui veniam expedita nisi magni.', 0, 0);
INSERT INTO `replies` VALUES (458, 85, 6, 'Alias atque voluptatem rem dolor sed aut.', 0, 0);
INSERT INTO `replies` VALUES (459, 49, 10, 'Adipisci sint a facilis sunt.', 0, 0);
INSERT INTO `replies` VALUES (460, 24, 10, 'Ad ut harum illum quas.', 0, 0);
INSERT INTO `replies` VALUES (461, 18, 3, 'Sit dolor quam nihil ut.', 0, 0);
INSERT INTO `replies` VALUES (462, 49, 8, 'Tempore quis modi dolores sapiente id eos facilis.', 0, 0);
INSERT INTO `replies` VALUES (463, 89, 1, 'Quia est laborum dicta repudiandae dignissimos et id.', 0, 0);
INSERT INTO `replies` VALUES (464, 61, 9, 'Omnis fugiat doloribus qui distinctio beatae.', 0, 0);
INSERT INTO `replies` VALUES (465, 37, 3, 'Debitis porro laboriosam consectetur debitis.', 0, 0);
INSERT INTO `replies` VALUES (466, 91, 2, 'Excepturi iure sed omnis cum nemo ipsum.', 0, 0);
INSERT INTO `replies` VALUES (467, 39, 6, 'Aut laboriosam ex et eum cum et in soluta.', 0, 0);
INSERT INTO `replies` VALUES (468, 28, 7, 'Et voluptatem ducimus et consectetur atque.', 0, 0);
INSERT INTO `replies` VALUES (469, 32, 2, 'Illo laboriosam est quis.', 0, 0);
INSERT INTO `replies` VALUES (470, 94, 3, 'Asperiores suscipit id perferendis.', 0, 0);
INSERT INTO `replies` VALUES (471, 30, 8, 'Quasi enim earum sequi voluptas aut.', 0, 0);
INSERT INTO `replies` VALUES (472, 11, 1, 'Eum dolor fugiat asperiores atque voluptatem.', 0, 0);
INSERT INTO `replies` VALUES (473, 98, 5, 'Ab consequatur occaecati consectetur qui cumque voluptas praesentium.', 0, 0);
INSERT INTO `replies` VALUES (474, 6, 10, 'Aut vitae rerum fugit ullam laborum.', 0, 0);
INSERT INTO `replies` VALUES (475, 8, 3, 'Eum distinctio quae quis.', 0, 0);
INSERT INTO `replies` VALUES (476, 69, 8, 'Natus necessitatibus error ex.', 0, 0);
INSERT INTO `replies` VALUES (477, 72, 6, 'Laborum perferendis voluptatem necessitatibus vero.', 0, 0);
INSERT INTO `replies` VALUES (478, 17, 10, 'Aspernatur ea eum unde et dolorem in quaerat.', 0, 0);
INSERT INTO `replies` VALUES (479, 80, 8, 'Repellat voluptatem earum est sit repellat.', 0, 0);
INSERT INTO `replies` VALUES (480, 86, 2, 'Sed nisi omnis delectus doloribus facilis.', 0, 0);
INSERT INTO `replies` VALUES (481, 41, 1, 'Aliquid est ea quibusdam non consectetur.', 0, 0);
INSERT INTO `replies` VALUES (482, 25, 9, 'Est perferendis voluptate sint nam doloremque ut.', 0, 0);
INSERT INTO `replies` VALUES (483, 59, 1, 'Exercitationem eaque iusto voluptatum aut magnam aspernatur unde.', 0, 0);
INSERT INTO `replies` VALUES (484, 14, 9, 'Eum hic dolorem neque.', 0, 0);
INSERT INTO `replies` VALUES (485, 27, 1, 'Aliquam consequatur commodi aliquid omnis.', 0, 0);
INSERT INTO `replies` VALUES (486, 59, 10, 'Voluptate blanditiis quis fugiat deserunt.', 0, 0);
INSERT INTO `replies` VALUES (487, 80, 2, 'Doloribus ipsa distinctio facere voluptates vel non saepe.', 0, 0);
INSERT INTO `replies` VALUES (488, 77, 7, 'Beatae accusamus minima quia qui ad reprehenderit nam.', 0, 0);
INSERT INTO `replies` VALUES (489, 52, 3, 'Qui suscipit vero id.', 0, 0);
INSERT INTO `replies` VALUES (490, 25, 7, 'Sapiente aut omnis rerum magni voluptatum.', 0, 0);
INSERT INTO `replies` VALUES (491, 47, 8, 'Accusamus officia architecto sed et.', 0, 0);
INSERT INTO `replies` VALUES (492, 11, 4, 'Omnis ut ut doloremque distinctio sint qui quae suscipit.', 0, 0);
INSERT INTO `replies` VALUES (493, 50, 1, 'Facere temporibus ab laudantium ut odit.', 0, 0);
INSERT INTO `replies` VALUES (494, 40, 2, 'Est laborum consequatur pariatur unde.', 0, 0);
INSERT INTO `replies` VALUES (495, 67, 1, 'At corporis et aut et.', 0, 0);
INSERT INTO `replies` VALUES (496, 86, 6, 'Ipsum reprehenderit cumque veritatis.', 0, 0);
INSERT INTO `replies` VALUES (497, 53, 8, 'Nihil aut eos atque voluptatem dolores.', 0, 0);
INSERT INTO `replies` VALUES (498, 14, 3, 'Quis neque eum suscipit facilis mollitia consequatur illo recusandae.', 0, 0);
INSERT INTO `replies` VALUES (499, 33, 2, 'Porro non et sed aut.', 0, 0);
INSERT INTO `replies` VALUES (500, 13, 3, 'Voluptatem blanditiis aut ducimus quia.', 0, 0);
INSERT INTO `replies` VALUES (501, 4, 1, 'Esse aut molestiae ad doloremque.', 0, 0);
INSERT INTO `replies` VALUES (502, 84, 7, 'Similique officia exercitationem sed aut explicabo.', 0, 0);
INSERT INTO `replies` VALUES (503, 5, 1, 'Sit occaecati eum ut sed at quod et.', 0, 0);
INSERT INTO `replies` VALUES (504, 8, 5, 'Dolore animi id blanditiis vero alias iste facilis rerum.', 0, 0);
INSERT INTO `replies` VALUES (505, 4, 4, 'Voluptatem voluptatem est sit qui.', 0, 0);
INSERT INTO `replies` VALUES (506, 86, 4, 'Unde sit doloremque possimus veritatis consequatur.', 0, 0);
INSERT INTO `replies` VALUES (507, 61, 3, 'Sint qui quasi blanditiis voluptas esse iure.', 0, 0);
INSERT INTO `replies` VALUES (508, 82, 4, 'Voluptas odit aut magnam consectetur pariatur recusandae optio.', 0, 0);
INSERT INTO `replies` VALUES (509, 79, 6, 'Nulla porro voluptatem rerum architecto eos tenetur aliquam sed.', 0, 0);
INSERT INTO `replies` VALUES (510, 4, 2, 'A illo amet est doloribus eos sint.', 0, 0);
INSERT INTO `replies` VALUES (511, 38, 9, 'Aut a omnis voluptas voluptatem.', 0, 0);
INSERT INTO `replies` VALUES (512, 65, 10, 'Iusto incidunt ut ut fuga.', 0, 0);
INSERT INTO `replies` VALUES (513, 52, 8, 'Provident ex sint ea quam exercitationem.', 0, 0);
INSERT INTO `replies` VALUES (514, 45, 8, 'Tempora et et vel saepe quis est sed.', 0, 0);
INSERT INTO `replies` VALUES (515, 86, 8, 'Consectetur eos ea enim iusto vel.', 0, 0);
INSERT INTO `replies` VALUES (516, 77, 1, 'Autem tempora labore sequi sint quia eius ea omnis.', 0, 0);
INSERT INTO `replies` VALUES (517, 59, 10, 'Sunt rerum id deleniti aperiam.', 0, 0);
INSERT INTO `replies` VALUES (518, 68, 1, 'Adipisci harum fugit ut explicabo.', 0, 0);
INSERT INTO `replies` VALUES (519, 76, 8, 'Vero omnis omnis dolorem autem et.', 0, 0);
INSERT INTO `replies` VALUES (520, 52, 7, 'Inventore labore ab temporibus est quo aut maxime dicta.', 0, 0);
INSERT INTO `replies` VALUES (521, 99, 3, 'Eligendi dolores voluptatem repellendus explicabo voluptatem labore ducimus.', 0, 0);
INSERT INTO `replies` VALUES (522, 18, 1, 'Aspernatur rerum illum suscipit neque.', 0, 0);
INSERT INTO `replies` VALUES (523, 40, 8, 'Aperiam voluptatem aspernatur qui.', 0, 0);
INSERT INTO `replies` VALUES (524, 24, 4, 'Autem unde odit itaque minus odit.', 0, 0);
INSERT INTO `replies` VALUES (525, 74, 5, 'Omnis iusto temporibus voluptatibus distinctio enim.', 0, 0);
INSERT INTO `replies` VALUES (526, 85, 9, 'In amet repellat quis.', 0, 0);
INSERT INTO `replies` VALUES (527, 29, 4, 'Omnis et aut et et.', 0, 0);
INSERT INTO `replies` VALUES (528, 85, 5, 'Est qui iste voluptatem rerum maxime velit nobis voluptas.', 0, 0);
INSERT INTO `replies` VALUES (529, 5, 2, 'Amet voluptatum quisquam et voluptatem quo sit suscipit.', 0, 0);
INSERT INTO `replies` VALUES (530, 62, 4, 'Mollitia voluptates quasi quas nihil autem.', 0, 0);
INSERT INTO `replies` VALUES (531, 69, 3, 'Et reprehenderit nobis in laboriosam quibusdam unde consequatur aliquam.', 0, 0);
INSERT INTO `replies` VALUES (532, 1, 3, 'Inventore veniam itaque debitis et.', 0, 0);
INSERT INTO `replies` VALUES (533, 47, 5, 'Autem minima autem sit et saepe magni.', 0, 0);
INSERT INTO `replies` VALUES (534, 90, 10, 'Quas rerum inventore quo et.', 0, 0);
INSERT INTO `replies` VALUES (535, 47, 1, 'Mollitia fuga tenetur cum voluptatem commodi maxime non dolorem.', 0, 0);
INSERT INTO `replies` VALUES (536, 69, 6, 'Quo perspiciatis accusantium recusandae corporis.', 0, 0);
INSERT INTO `replies` VALUES (537, 17, 7, 'Et consequatur sint sed ut sunt recusandae.', 0, 0);
INSERT INTO `replies` VALUES (538, 23, 7, 'Sit quibusdam sunt facere consequatur.', 0, 0);
INSERT INTO `replies` VALUES (539, 17, 5, 'Veritatis temporibus provident aut et eligendi hic explicabo.', 0, 0);
INSERT INTO `replies` VALUES (540, 90, 6, 'Non molestiae ab minus quia rerum ipsa quisquam sequi.', 0, 0);
INSERT INTO `replies` VALUES (541, 55, 1, 'Fugiat nulla temporibus est veniam pariatur aut veniam.', 0, 0);
INSERT INTO `replies` VALUES (542, 89, 5, 'Suscipit est totam omnis sunt in ipsam voluptatem.', 0, 0);
INSERT INTO `replies` VALUES (543, 66, 7, 'Non minus sunt cumque deleniti aut voluptatem.', 0, 0);
INSERT INTO `replies` VALUES (544, 37, 4, 'Itaque nesciunt pariatur recusandae eligendi ab omnis itaque.', 0, 0);
INSERT INTO `replies` VALUES (545, 49, 8, 'Ipsum ut quia inventore aperiam ad ea ratione.', 0, 0);
INSERT INTO `replies` VALUES (546, 43, 3, 'Voluptatibus nihil est sunt et facilis cum.', 0, 0);
INSERT INTO `replies` VALUES (547, 9, 2, 'Sint est cum fugiat consequatur aperiam nostrum.', 0, 0);
INSERT INTO `replies` VALUES (548, 41, 2, 'Qui sint laudantium enim pariatur enim inventore similique.', 0, 0);
INSERT INTO `replies` VALUES (549, 60, 5, 'Sit ut ea dolor iure.', 0, 0);
INSERT INTO `replies` VALUES (550, 47, 6, 'Laboriosam doloremque atque iste.', 0, 0);
INSERT INTO `replies` VALUES (551, 81, 1, 'Quia quis expedita dicta eveniet.', 0, 0);
INSERT INTO `replies` VALUES (552, 28, 2, 'Eos autem tempora dolorum nam aut.', 0, 0);
INSERT INTO `replies` VALUES (553, 37, 4, 'Quo quia aliquid veniam totam.', 0, 0);
INSERT INTO `replies` VALUES (554, 11, 6, 'Sit animi nemo ut quo.', 0, 0);
INSERT INTO `replies` VALUES (555, 64, 8, 'Eveniet illum ea et dolorum est harum et.', 0, 0);
INSERT INTO `replies` VALUES (556, 99, 3, 'Optio aut est et sed aut voluptas.', 0, 0);
INSERT INTO `replies` VALUES (557, 14, 5, 'Deleniti architecto fugit laboriosam rem.', 0, 0);
INSERT INTO `replies` VALUES (558, 70, 2, 'Pariatur quibusdam praesentium nulla ut laudantium.', 0, 0);
INSERT INTO `replies` VALUES (559, 97, 9, 'Blanditiis alias et velit totam quia.', 0, 0);
INSERT INTO `replies` VALUES (560, 14, 7, 'Accusamus molestiae iste illum enim.', 0, 0);
INSERT INTO `replies` VALUES (561, 25, 5, 'Assumenda nemo est sapiente quisquam porro asperiores est nulla.', 0, 0);
INSERT INTO `replies` VALUES (562, 13, 7, 'Ipsa velit laborum non.', 0, 0);
INSERT INTO `replies` VALUES (563, 17, 10, 'Reiciendis odit voluptatum dolores ut excepturi.', 0, 0);
INSERT INTO `replies` VALUES (564, 28, 4, 'Non iste et alias laborum sint est.', 0, 0);
INSERT INTO `replies` VALUES (565, 51, 4, 'Necessitatibus sit iste labore sapiente odio voluptas.', 0, 0);
INSERT INTO `replies` VALUES (566, 63, 4, 'Dolorem placeat iste et.', 0, 0);
INSERT INTO `replies` VALUES (567, 95, 2, 'Non sunt aut doloribus aspernatur sint pariatur.', 0, 0);
INSERT INTO `replies` VALUES (568, 6, 2, 'Voluptatem magnam sint aut at sunt itaque qui.', 0, 0);
INSERT INTO `replies` VALUES (569, 5, 9, 'Vel voluptas sed modi autem dolorum similique.', 0, 0);
INSERT INTO `replies` VALUES (570, 83, 2, 'Deleniti accusamus error sed dolor molestiae est aliquam.', 0, 0);
INSERT INTO `replies` VALUES (571, 10, 8, 'Natus placeat mollitia et ea fugit molestiae.', 0, 0);
INSERT INTO `replies` VALUES (572, 36, 3, 'Doloribus dicta sed hic molestiae atque dolores similique.', 0, 0);
INSERT INTO `replies` VALUES (573, 92, 8, 'Et iusto ab unde corporis rerum.', 0, 0);
INSERT INTO `replies` VALUES (574, 60, 4, 'Quas provident cupiditate est sequi.', 0, 0);
INSERT INTO `replies` VALUES (575, 39, 6, 'Id labore aut sequi aut deleniti fugit voluptas.', 0, 0);
INSERT INTO `replies` VALUES (576, 38, 8, 'Inventore voluptas tenetur similique voluptatibus aut qui aut.', 0, 0);
INSERT INTO `replies` VALUES (577, 75, 5, 'Tempora a esse doloribus aut temporibus quos aspernatur.', 0, 0);
INSERT INTO `replies` VALUES (578, 73, 1, 'Quidem vel quod natus dolorem veritatis.', 0, 0);
INSERT INTO `replies` VALUES (579, 11, 1, 'Ipsum et aliquam dolorum qui incidunt beatae aut.', 0, 0);
INSERT INTO `replies` VALUES (580, 48, 7, 'Maxime ut aut modi.', 0, 0);
INSERT INTO `replies` VALUES (581, 46, 1, 'Non consequatur in excepturi voluptate maxime possimus culpa.', 0, 0);
INSERT INTO `replies` VALUES (582, 85, 10, 'Dolorum qui porro placeat est deleniti cumque voluptate.', 0, 0);
INSERT INTO `replies` VALUES (583, 80, 10, 'Non ipsam quas omnis est expedita esse ea.', 0, 0);
INSERT INTO `replies` VALUES (584, 62, 8, 'Quia dolore totam eligendi.', 0, 0);
INSERT INTO `replies` VALUES (585, 59, 6, 'Eum a ut voluptas dolores minus.', 0, 0);
INSERT INTO `replies` VALUES (586, 90, 3, 'Quis nihil sint quia voluptatibus corrupti officiis quos est.', 0, 0);
INSERT INTO `replies` VALUES (587, 19, 8, 'Et ullam qui laboriosam rerum.', 0, 0);
INSERT INTO `replies` VALUES (588, 90, 5, 'Eum blanditiis voluptatem ea et voluptas quibusdam ut adipisci.', 0, 0);
INSERT INTO `replies` VALUES (589, 60, 6, 'Iusto officiis doloremque a expedita consequatur.', 0, 0);
INSERT INTO `replies` VALUES (590, 7, 1, 'Repellat molestiae voluptas consequuntur nobis rem aut.', 0, 0);
INSERT INTO `replies` VALUES (591, 51, 3, 'Sunt maxime culpa quis asperiores.', 0, 0);
INSERT INTO `replies` VALUES (592, 49, 6, 'Similique modi voluptas fuga.', 0, 0);
INSERT INTO `replies` VALUES (593, 45, 5, 'Soluta aut vitae aut deserunt illo.', 0, 0);
INSERT INTO `replies` VALUES (594, 7, 5, 'Et voluptas autem magni odit est officia tempora.', 0, 0);
INSERT INTO `replies` VALUES (595, 4, 7, 'Sed aut alias sint et dolore magni.', 0, 0);
INSERT INTO `replies` VALUES (596, 93, 10, 'Ad autem eligendi fugit eligendi nesciunt.', 0, 0);
INSERT INTO `replies` VALUES (597, 46, 3, 'Non illum voluptatem neque et.', 0, 0);
INSERT INTO `replies` VALUES (598, 4, 1, 'Hic aut rerum omnis.', 0, 0);
INSERT INTO `replies` VALUES (599, 96, 2, 'Voluptate molestias vero in autem sint quia.', 0, 0);
INSERT INTO `replies` VALUES (600, 48, 4, 'Minima nostrum cumque consequuntur voluptas sapiente minus quia.', 0, 0);
INSERT INTO `replies` VALUES (601, 56, 7, 'Aperiam iusto aut aliquid adipisci dolore aut voluptatum.', 0, 0);
INSERT INTO `replies` VALUES (602, 76, 8, 'Cumque eum iure aut quia.', 0, 0);
INSERT INTO `replies` VALUES (603, 93, 2, 'Inventore nesciunt velit qui dolore.', 0, 0);
INSERT INTO `replies` VALUES (604, 59, 4, 'Qui aut est ut accusamus.', 0, 0);
INSERT INTO `replies` VALUES (605, 11, 5, 'A officia provident aspernatur placeat dicta hic.', 0, 0);
INSERT INTO `replies` VALUES (606, 48, 9, 'Aliquid officiis dolores voluptatibus explicabo magni.', 0, 0);
INSERT INTO `replies` VALUES (607, 2, 7, 'Magni impedit voluptas saepe modi perspiciatis nihil aperiam.', 0, 0);
INSERT INTO `replies` VALUES (608, 11, 6, 'Id culpa aut necessitatibus tenetur a.', 0, 0);
INSERT INTO `replies` VALUES (609, 1, 5, 'Repudiandae labore sed ut rem a repudiandae similique.', 0, 0);
INSERT INTO `replies` VALUES (610, 38, 9, 'Ab rerum veritatis sit aut saepe.', 0, 0);
INSERT INTO `replies` VALUES (611, 78, 5, 'Laboriosam illo quibusdam aut tenetur tenetur sequi voluptas distinctio.', 0, 0);
INSERT INTO `replies` VALUES (612, 32, 6, 'Magnam consequatur reiciendis natus labore porro consequatur.', 0, 0);
INSERT INTO `replies` VALUES (613, 83, 7, 'Tempora voluptates voluptas nam error et voluptatem consequuntur aut.', 0, 0);
INSERT INTO `replies` VALUES (614, 6, 9, 'Sit animi nam dolorem est aut repellat aut facere.', 0, 0);
INSERT INTO `replies` VALUES (615, 90, 6, 'Dolorem maiores perferendis placeat neque doloribus.', 0, 0);
INSERT INTO `replies` VALUES (616, 9, 4, 'Rerum enim consectetur alias non maxime.', 0, 0);
INSERT INTO `replies` VALUES (617, 90, 2, 'Ut eveniet libero illo sit rerum.', 0, 0);
INSERT INTO `replies` VALUES (618, 9, 7, 'Harum dignissimos aut qui aut.', 0, 0);
INSERT INTO `replies` VALUES (619, 1, 1, 'Et qui aperiam et ut id iure molestiae voluptatem.', 0, 0);
INSERT INTO `replies` VALUES (620, 82, 2, 'Dicta voluptatum odio ipsum molestiae reiciendis vel.', 0, 0);
INSERT INTO `replies` VALUES (621, 84, 10, 'Repudiandae quo error ullam dignissimos.', 0, 0);
INSERT INTO `replies` VALUES (622, 42, 5, 'Iure ut aut eum.', 0, 0);
INSERT INTO `replies` VALUES (623, 86, 8, 'Ab sed repellat unde reiciendis temporibus velit autem.', 0, 0);
INSERT INTO `replies` VALUES (624, 21, 10, 'Sunt commodi porro corrupti.', 0, 0);
INSERT INTO `replies` VALUES (625, 9, 8, 'Quo impedit et ut.', 0, 0);
INSERT INTO `replies` VALUES (626, 89, 6, 'Non id alias quasi mollitia corporis.', 0, 0);
INSERT INTO `replies` VALUES (627, 13, 5, 'Odit quo sit qui minima neque aut quis.', 0, 0);
INSERT INTO `replies` VALUES (628, 31, 10, 'Temporibus debitis ea possimus officia impedit asperiores.', 0, 0);
INSERT INTO `replies` VALUES (629, 67, 5, 'Dolorem repellendus beatae aut facere.', 0, 0);
INSERT INTO `replies` VALUES (630, 3, 1, 'Eius ipsa temporibus est omnis.', 0, 0);
INSERT INTO `replies` VALUES (631, 68, 6, 'Reiciendis similique consequatur ex minima occaecati dolorum expedita.', 0, 0);
INSERT INTO `replies` VALUES (632, 29, 8, 'Cupiditate necessitatibus eligendi rerum.', 0, 0);
INSERT INTO `replies` VALUES (633, 87, 8, 'Voluptas nisi quaerat alias mollitia iste ex eos ut.', 0, 0);
INSERT INTO `replies` VALUES (634, 48, 6, 'Velit nihil in nobis.', 0, 0);
INSERT INTO `replies` VALUES (635, 9, 8, 'Velit itaque cupiditate ipsum velit.', 0, 0);
INSERT INTO `replies` VALUES (636, 4, 9, 'Aut blanditiis adipisci et vero.', 0, 0);
INSERT INTO `replies` VALUES (637, 60, 1, 'Aut omnis ex qui quos voluptas cumque totam.', 0, 0);
INSERT INTO `replies` VALUES (638, 67, 5, 'Dolor eius a modi vitae esse earum.', 0, 0);
INSERT INTO `replies` VALUES (639, 47, 5, 'Alias velit asperiores ipsam vel.', 0, 0);
INSERT INTO `replies` VALUES (640, 22, 4, 'Quam provident pariatur dignissimos molestias impedit quae dolorem.', 0, 0);
INSERT INTO `replies` VALUES (641, 7, 5, 'Iusto est voluptatem maiores et quam laboriosam.', 0, 0);
INSERT INTO `replies` VALUES (642, 27, 6, 'Non id accusamus consequatur assumenda laborum rerum rerum.', 0, 0);
INSERT INTO `replies` VALUES (643, 82, 8, 'Et possimus sit quas commodi animi.', 0, 0);
INSERT INTO `replies` VALUES (644, 58, 1, 'Dolorum soluta ut asperiores minus aperiam libero.', 0, 0);
INSERT INTO `replies` VALUES (645, 88, 2, 'Sunt qui quisquam sed.', 0, 0);
INSERT INTO `replies` VALUES (646, 67, 5, 'Itaque pariatur ipsa quas perspiciatis illum expedita.', 0, 0);
INSERT INTO `replies` VALUES (647, 58, 3, 'Sequi vero odio architecto.', 0, 0);
INSERT INTO `replies` VALUES (648, 62, 4, 'Laudantium distinctio eius et voluptatum eligendi quia.', 0, 0);
INSERT INTO `replies` VALUES (649, 17, 6, 'Et qui vel iure et enim officia sed aspernatur.', 0, 0);
INSERT INTO `replies` VALUES (650, 61, 2, 'Illo tempora voluptatem reiciendis harum.', 0, 0);
INSERT INTO `replies` VALUES (651, 97, 3, 'Ad et eos quis corporis quis earum non.', 0, 0);
INSERT INTO `replies` VALUES (652, 2, 5, 'Dolorem veniam saepe optio et.', 0, 0);
INSERT INTO `replies` VALUES (653, 60, 7, 'Voluptas rem cum sit alias natus rerum.', 0, 0);
INSERT INTO `replies` VALUES (654, 73, 2, 'Vel dignissimos velit ipsum error possimus vel.', 0, 0);
INSERT INTO `replies` VALUES (655, 70, 4, 'Et facilis quidem cum maxime vero corporis fugiat.', 0, 0);
INSERT INTO `replies` VALUES (656, 92, 6, 'Maxime alias vitae nesciunt in animi quo consequatur.', 0, 0);
INSERT INTO `replies` VALUES (657, 97, 7, 'Ea non velit illum et cumque.', 0, 0);
INSERT INTO `replies` VALUES (658, 100, 5, 'Unde quia quaerat impedit debitis sit voluptatem.', 0, 0);
INSERT INTO `replies` VALUES (659, 88, 10, 'Velit culpa consequuntur at.', 0, 0);
INSERT INTO `replies` VALUES (660, 19, 3, 'Aspernatur aut tempora voluptas fugit non.', 0, 0);
INSERT INTO `replies` VALUES (661, 21, 2, 'Vero dolor in facilis.', 0, 0);
INSERT INTO `replies` VALUES (662, 13, 10, 'Nisi occaecati deserunt porro nihil enim ratione modi earum.', 0, 0);
INSERT INTO `replies` VALUES (663, 24, 9, 'Fugit doloremque consequatur illum facilis.', 0, 0);
INSERT INTO `replies` VALUES (664, 65, 6, 'Qui nulla voluptas rerum quaerat alias.', 0, 0);
INSERT INTO `replies` VALUES (665, 9, 7, 'Praesentium est adipisci rem qui magni et minima.', 0, 0);
INSERT INTO `replies` VALUES (666, 3, 1, 'Beatae quia aut quia et eligendi quis ab.', 0, 0);
INSERT INTO `replies` VALUES (667, 56, 6, 'In dolor nesciunt qui in quas.', 0, 0);
INSERT INTO `replies` VALUES (668, 16, 7, 'A et et consequatur vero rerum placeat aut.', 0, 0);
INSERT INTO `replies` VALUES (669, 66, 8, 'Exercitationem delectus fugiat est aut voluptatem voluptates.', 0, 0);
INSERT INTO `replies` VALUES (670, 35, 8, 'Voluptatem praesentium vero similique blanditiis.', 0, 0);
INSERT INTO `replies` VALUES (671, 17, 9, 'Nisi et ex quis dolorem fugit iure ut.', 0, 0);
INSERT INTO `replies` VALUES (672, 29, 1, 'Aut quisquam voluptates quasi nihil adipisci.', 0, 0);
INSERT INTO `replies` VALUES (673, 78, 9, 'Qui sunt voluptatum dolorem sit quod neque vel.', 0, 0);
INSERT INTO `replies` VALUES (674, 66, 9, 'Asperiores ut modi tenetur hic modi.', 0, 0);
INSERT INTO `replies` VALUES (675, 89, 1, 'Iste quibusdam quaerat voluptatum.', 0, 0);
INSERT INTO `replies` VALUES (676, 4, 6, 'Voluptatem provident ut repellendus.', 0, 0);
INSERT INTO `replies` VALUES (677, 46, 2, 'Ex debitis aut ex necessitatibus quae voluptatem quia.', 0, 0);
INSERT INTO `replies` VALUES (678, 17, 7, 'Pariatur voluptatibus vitae optio ut alias libero.', 0, 0);
INSERT INTO `replies` VALUES (679, 26, 3, 'Ea sunt amet itaque quis nam.', 0, 0);
INSERT INTO `replies` VALUES (680, 37, 1, 'Pariatur sed praesentium excepturi recusandae dolorem expedita.', 0, 0);
INSERT INTO `replies` VALUES (681, 93, 4, 'Commodi ipsam error aliquid exercitationem.', 0, 0);
INSERT INTO `replies` VALUES (682, 8, 8, 'Debitis maxime quae omnis.', 0, 0);
INSERT INTO `replies` VALUES (683, 30, 9, 'Repellat quam quia et aut quia doloribus.', 0, 0);
INSERT INTO `replies` VALUES (684, 56, 8, 'Accusantium explicabo officiis natus eveniet molestiae sed adipisci.', 0, 0);
INSERT INTO `replies` VALUES (685, 9, 4, 'Voluptatum et aliquam qui.', 0, 0);
INSERT INTO `replies` VALUES (686, 84, 10, 'Ut qui provident et quo omnis sapiente assumenda.', 0, 0);
INSERT INTO `replies` VALUES (687, 14, 10, 'Dolores sed et eligendi aliquid eos odit quo.', 0, 0);
INSERT INTO `replies` VALUES (688, 82, 3, 'Aperiam maxime ut iure et et rerum.', 0, 0);
INSERT INTO `replies` VALUES (689, 11, 1, 'Repellendus blanditiis tenetur ullam maxime dolorem.', 0, 0);
INSERT INTO `replies` VALUES (690, 97, 6, 'Rem cum et similique exercitationem.', 0, 0);
INSERT INTO `replies` VALUES (691, 71, 2, 'Debitis velit et neque sed omnis ut.', 0, 0);
INSERT INTO `replies` VALUES (692, 91, 9, 'Ex qui sit facilis ut eum.', 0, 0);
INSERT INTO `replies` VALUES (693, 93, 8, 'Sunt alias sint sit et vel.', 0, 0);
INSERT INTO `replies` VALUES (694, 67, 5, 'Error recusandae possimus vel natus eum minima dolorem.', 0, 0);
INSERT INTO `replies` VALUES (695, 25, 9, 'Et dolorum atque voluptas vitae et architecto.', 0, 0);
INSERT INTO `replies` VALUES (696, 14, 7, 'Repudiandae nihil dolor recusandae ducimus est.', 0, 0);
INSERT INTO `replies` VALUES (697, 92, 9, 'Consequatur sunt illo et.', 0, 0);
INSERT INTO `replies` VALUES (698, 84, 5, 'Sed asperiores at ut omnis voluptatem est.', 0, 0);
INSERT INTO `replies` VALUES (699, 44, 8, 'Inventore magnam consequatur aut at.', 0, 0);
INSERT INTO `replies` VALUES (700, 72, 8, 'Vel non sunt sed non ab dolor qui.', 0, 0);
INSERT INTO `replies` VALUES (701, 86, 6, 'Dolor beatae nostrum autem enim.', 0, 0);
INSERT INTO `replies` VALUES (702, 70, 10, 'Cupiditate totam sint eaque omnis.', 0, 0);
INSERT INTO `replies` VALUES (703, 58, 9, 'Iusto alias omnis sit recusandae adipisci.', 0, 0);
INSERT INTO `replies` VALUES (704, 72, 2, 'Fuga asperiores in tenetur.', 0, 0);
INSERT INTO `replies` VALUES (705, 14, 6, 'Veritatis ipsa illum minima deserunt laborum aut quo eum.', 0, 0);
INSERT INTO `replies` VALUES (706, 29, 7, 'Excepturi nulla ab dolorem architecto.', 0, 0);
INSERT INTO `replies` VALUES (707, 51, 8, 'Aut odio dicta cupiditate voluptatem.', 0, 0);
INSERT INTO `replies` VALUES (708, 25, 6, 'Et mollitia id eaque mollitia quaerat dolorum consequuntur.', 0, 0);
INSERT INTO `replies` VALUES (709, 3, 1, 'Quisquam aut vel est optio quia.', 0, 0);
INSERT INTO `replies` VALUES (710, 13, 5, 'Iure blanditiis rem nam voluptas vero.', 0, 0);
INSERT INTO `replies` VALUES (711, 100, 5, 'Recusandae recusandae dolor officia.', 0, 0);
INSERT INTO `replies` VALUES (712, 41, 1, 'Ducimus molestiae cum impedit minima omnis nihil.', 0, 0);
INSERT INTO `replies` VALUES (713, 58, 7, 'Mollitia rem ratione veniam.', 0, 0);
INSERT INTO `replies` VALUES (714, 8, 6, 'Nostrum id natus labore optio voluptatibus eligendi porro incidunt.', 0, 0);
INSERT INTO `replies` VALUES (715, 17, 7, 'Adipisci iure voluptatibus veritatis velit.', 0, 0);
INSERT INTO `replies` VALUES (716, 84, 7, 'Eos quaerat deleniti est odit.', 0, 0);
INSERT INTO `replies` VALUES (717, 17, 1, 'Est incidunt voluptas ipsum odio debitis et.', 0, 0);
INSERT INTO `replies` VALUES (718, 76, 9, 'Aliquid est sapiente ipsum quia suscipit ex.', 0, 0);
INSERT INTO `replies` VALUES (719, 44, 4, 'Cum dolorem inventore dolorum eius.', 0, 0);
INSERT INTO `replies` VALUES (720, 94, 7, 'Necessitatibus ea minus voluptas repellendus suscipit et quam.', 0, 0);
INSERT INTO `replies` VALUES (721, 26, 6, 'Autem excepturi magni omnis.', 0, 0);
INSERT INTO `replies` VALUES (722, 85, 4, 'Exercitationem sit voluptatibus ipsa dolor beatae quia illum.', 0, 0);
INSERT INTO `replies` VALUES (723, 48, 6, 'Voluptas fugiat dolore voluptas numquam.', 0, 0);
INSERT INTO `replies` VALUES (724, 10, 5, 'Repellat nesciunt qui sequi aperiam iusto.', 0, 0);
INSERT INTO `replies` VALUES (725, 14, 2, 'Et maxime voluptatem cum.', 0, 0);
INSERT INTO `replies` VALUES (726, 52, 10, 'Odio expedita voluptas ut blanditiis est non.', 0, 0);
INSERT INTO `replies` VALUES (727, 80, 9, 'Dolorem laudantium qui amet corrupti non fugiat culpa.', 0, 0);
INSERT INTO `replies` VALUES (728, 45, 7, 'Nam at non et animi.', 0, 0);
INSERT INTO `replies` VALUES (729, 16, 2, 'Qui dolore ut culpa consequatur quam aspernatur nihil.', 0, 0);
INSERT INTO `replies` VALUES (730, 64, 4, 'Vero neque vero sed corporis.', 0, 0);
INSERT INTO `replies` VALUES (731, 91, 2, 'Occaecati rerum aut veritatis cupiditate qui consectetur consequatur.', 0, 0);
INSERT INTO `replies` VALUES (732, 25, 4, 'Architecto minus odio enim quibusdam.', 0, 0);
INSERT INTO `replies` VALUES (733, 54, 7, 'Qui accusamus numquam aut placeat.', 0, 0);
INSERT INTO `replies` VALUES (734, 86, 3, 'Et quo deserunt officia.', 0, 0);
INSERT INTO `replies` VALUES (735, 67, 9, 'Eveniet vero adipisci iusto fuga.', 0, 0);
INSERT INTO `replies` VALUES (736, 4, 10, 'Non dolorem quaerat eligendi ipsum.', 0, 0);
INSERT INTO `replies` VALUES (737, 57, 4, 'Est id libero sapiente quis nostrum.', 0, 0);
INSERT INTO `replies` VALUES (738, 92, 1, 'Expedita ut qui ut neque dolorum dolorum voluptatum.', 0, 0);
INSERT INTO `replies` VALUES (739, 88, 8, 'Quidem nesciunt ea velit et voluptatem at.', 0, 0);
INSERT INTO `replies` VALUES (740, 92, 4, 'Adipisci illo dignissimos alias mollitia.', 0, 0);
INSERT INTO `replies` VALUES (741, 68, 3, 'Ut et eaque porro.', 0, 0);
INSERT INTO `replies` VALUES (742, 60, 6, 'Quibusdam id ipsum molestiae unde.', 0, 0);
INSERT INTO `replies` VALUES (743, 13, 3, 'Beatae sit quia voluptatum itaque quas saepe.', 0, 0);
INSERT INTO `replies` VALUES (744, 29, 4, 'Iusto quisquam beatae facere cupiditate ipsa.', 0, 0);
INSERT INTO `replies` VALUES (745, 47, 2, 'Reprehenderit vel rerum voluptatem quibusdam.', 0, 0);
INSERT INTO `replies` VALUES (746, 76, 1, 'Earum omnis tempora in totam.', 0, 0);
INSERT INTO `replies` VALUES (747, 7, 6, 'Tempore placeat nobis nihil nemo.', 0, 0);
INSERT INTO `replies` VALUES (748, 97, 10, 'Explicabo natus eos est.', 0, 0);
INSERT INTO `replies` VALUES (749, 49, 7, 'Qui aut repudiandae est nisi iure eveniet.', 0, 0);
INSERT INTO `replies` VALUES (750, 29, 10, 'In doloremque rerum beatae praesentium sit.', 0, 0);
INSERT INTO `replies` VALUES (751, 60, 1, 'Beatae qui quod fugiat cum placeat et natus.', 0, 0);
INSERT INTO `replies` VALUES (752, 3, 2, 'Nostrum soluta eius est qui qui.', 0, 0);
INSERT INTO `replies` VALUES (753, 70, 6, 'Repudiandae omnis molestiae similique culpa explicabo.', 0, 0);
INSERT INTO `replies` VALUES (754, 94, 3, 'Autem labore asperiores nemo ipsum ut.', 0, 0);
INSERT INTO `replies` VALUES (755, 32, 3, 'Consequatur sunt vel corporis ullam non.', 0, 0);
INSERT INTO `replies` VALUES (756, 54, 3, 'Provident consequatur illum corrupti illum doloremque nisi dolor.', 0, 0);
INSERT INTO `replies` VALUES (757, 37, 1, 'Corrupti quia nemo repudiandae occaecati velit et itaque sunt.', 0, 0);
INSERT INTO `replies` VALUES (758, 50, 8, 'Similique sapiente nihil quos ut.', 0, 0);
INSERT INTO `replies` VALUES (759, 7, 8, 'Natus quia culpa omnis incidunt odit et ut.', 0, 0);
INSERT INTO `replies` VALUES (760, 11, 3, 'Voluptatem dignissimos quos vitae ad velit.', 0, 0);
INSERT INTO `replies` VALUES (761, 44, 5, 'Sequi doloremque ut cum numquam.', 0, 0);
INSERT INTO `replies` VALUES (762, 97, 7, 'Provident deserunt eveniet consequatur magnam dolor ipsam vel nam.', 0, 0);
INSERT INTO `replies` VALUES (763, 51, 6, 'Non distinctio voluptas at molestiae at rerum.', 0, 0);
INSERT INTO `replies` VALUES (764, 94, 9, 'Vel quidem reprehenderit voluptas odit.', 0, 0);
INSERT INTO `replies` VALUES (765, 1, 7, 'Laborum ut harum et est.', 0, 0);
INSERT INTO `replies` VALUES (766, 5, 10, 'Et fuga rerum et voluptatem.', 0, 0);
INSERT INTO `replies` VALUES (767, 73, 5, 'Unde est excepturi molestiae.', 0, 0);
INSERT INTO `replies` VALUES (768, 51, 6, 'Voluptatibus illo dolorem adipisci harum autem.', 0, 0);
INSERT INTO `replies` VALUES (769, 94, 7, 'Sunt quisquam voluptatum repellendus qui dolorem porro et.', 0, 0);
INSERT INTO `replies` VALUES (770, 33, 7, 'Aperiam molestiae quis minima velit quaerat.', 0, 0);
INSERT INTO `replies` VALUES (771, 88, 8, 'Consequuntur perspiciatis quia aspernatur error autem quia.', 0, 0);
INSERT INTO `replies` VALUES (772, 72, 9, 'Quas deleniti inventore sequi beatae.', 0, 0);
INSERT INTO `replies` VALUES (773, 4, 9, 'Dolores accusamus ullam sed aliquid vero quo.', 0, 0);
INSERT INTO `replies` VALUES (774, 67, 7, 'Impedit nisi voluptatum repellendus et.', 0, 0);
INSERT INTO `replies` VALUES (775, 9, 7, 'Voluptas dignissimos iste aperiam sed quibusdam quidem.', 0, 0);
INSERT INTO `replies` VALUES (776, 99, 10, 'Voluptatem omnis nostrum dolorem dolor et qui velit eos.', 0, 0);
INSERT INTO `replies` VALUES (777, 49, 5, 'Voluptatibus ullam labore autem totam autem sapiente consequuntur.', 0, 0);
INSERT INTO `replies` VALUES (778, 89, 4, 'Cumque accusantium et sed nisi et exercitationem.', 0, 0);
INSERT INTO `replies` VALUES (779, 70, 3, 'Praesentium tenetur quos tempore et.', 0, 0);
INSERT INTO `replies` VALUES (780, 54, 6, 'Voluptates error quam mollitia facilis quod.', 0, 0);
INSERT INTO `replies` VALUES (781, 4, 2, 'Unde sint est ipsam fuga sit et maiores.', 0, 0);
INSERT INTO `replies` VALUES (782, 29, 7, 'Corrupti libero architecto laudantium.', 0, 0);
INSERT INTO `replies` VALUES (783, 83, 8, 'Nobis voluptas cupiditate non repellendus quae.', 0, 0);
INSERT INTO `replies` VALUES (784, 22, 1, 'Id blanditiis ipsa et eligendi ut consequatur nobis.', 0, 0);
INSERT INTO `replies` VALUES (785, 80, 10, 'Qui aperiam qui non rem.', 0, 0);
INSERT INTO `replies` VALUES (786, 79, 10, 'Autem dolorem dolores beatae rerum explicabo rerum asperiores.', 0, 0);
INSERT INTO `replies` VALUES (787, 24, 10, 'Quasi architecto tempore et omnis illo odit ut aut.', 0, 0);
INSERT INTO `replies` VALUES (788, 70, 7, 'Rem possimus quis velit qui eos nobis fugit.', 0, 0);
INSERT INTO `replies` VALUES (789, 81, 1, 'Rerum quia molestias et quos corporis doloremque esse.', 0, 0);
INSERT INTO `replies` VALUES (790, 31, 6, 'Et asperiores ea magni dolorum non.', 0, 0);
INSERT INTO `replies` VALUES (791, 61, 8, 'Voluptates incidunt illum est neque iste et libero amet.', 0, 0);
INSERT INTO `replies` VALUES (792, 33, 10, 'Aut facere minus occaecati sunt soluta deleniti alias.', 0, 0);
INSERT INTO `replies` VALUES (793, 61, 10, 'Impedit voluptatibus et aut aut.', 0, 0);
INSERT INTO `replies` VALUES (794, 81, 10, 'Quia quis voluptatum quis blanditiis incidunt saepe at.', 0, 0);
INSERT INTO `replies` VALUES (795, 76, 10, 'Odit quos et autem ut recusandae.', 0, 0);
INSERT INTO `replies` VALUES (796, 15, 10, 'Dolores id vero voluptatem ut.', 0, 0);
INSERT INTO `replies` VALUES (797, 43, 5, 'Quia voluptas omnis voluptas sint rerum quas.', 0, 0);
INSERT INTO `replies` VALUES (798, 34, 7, 'Aperiam rem quis amet qui quos.', 0, 0);
INSERT INTO `replies` VALUES (799, 54, 8, 'Iure recusandae iste tempora accusamus reiciendis recusandae.', 0, 0);
INSERT INTO `replies` VALUES (800, 95, 6, 'Ipsam perferendis nesciunt omnis delectus odio.', 0, 0);
INSERT INTO `replies` VALUES (801, 21, 3, 'Similique fugiat distinctio voluptatibus aspernatur.', 0, 0);
INSERT INTO `replies` VALUES (802, 14, 7, 'Quidem veniam libero non fugit soluta rerum et praesentium.', 0, 0);
INSERT INTO `replies` VALUES (803, 63, 9, 'Explicabo velit perferendis dolore accusantium aperiam officia aut.', 0, 0);
INSERT INTO `replies` VALUES (804, 22, 5, 'Corrupti quia facilis amet voluptatum autem rerum consequatur.', 0, 0);
INSERT INTO `replies` VALUES (805, 81, 4, 'Dignissimos vero perferendis nam voluptas.', 0, 0);
INSERT INTO `replies` VALUES (806, 89, 2, 'Et nisi libero ut dolor quis culpa.', 0, 0);
INSERT INTO `replies` VALUES (807, 16, 6, 'Omnis ut perspiciatis id illo nisi illum nam modi.', 0, 0);
INSERT INTO `replies` VALUES (808, 53, 3, 'Deserunt rerum sit quas doloribus aut.', 0, 0);
INSERT INTO `replies` VALUES (809, 54, 9, 'Eaque laudantium dolores eos aut.', 0, 0);
INSERT INTO `replies` VALUES (810, 76, 6, 'Exercitationem nisi placeat maxime.', 0, 0);
INSERT INTO `replies` VALUES (811, 97, 6, 'Atque voluptates autem qui libero.', 0, 0);
INSERT INTO `replies` VALUES (812, 49, 5, 'In et sint qui aut culpa illum quia.', 0, 0);
INSERT INTO `replies` VALUES (813, 66, 9, 'Non nostrum et animi.', 0, 0);
INSERT INTO `replies` VALUES (814, 72, 4, 'Natus nam deserunt voluptas velit.', 0, 0);
INSERT INTO `replies` VALUES (815, 23, 10, 'Quisquam omnis ratione quaerat dolores laborum.', 0, 0);
INSERT INTO `replies` VALUES (816, 38, 8, 'Dolores dolores enim in voluptate.', 0, 0);
INSERT INTO `replies` VALUES (817, 49, 4, 'Vel eum sequi quisquam laborum nihil odio.', 0, 0);
INSERT INTO `replies` VALUES (818, 2, 7, 'Occaecati sit rerum ipsa.', 0, 0);
INSERT INTO `replies` VALUES (819, 64, 7, 'Sed labore quos atque omnis ducimus non.', 0, 0);
INSERT INTO `replies` VALUES (820, 22, 4, 'Aliquam sint omnis molestiae earum cumque aut.', 0, 0);
INSERT INTO `replies` VALUES (821, 10, 9, 'Quo ratione cum qui at est aut quis.', 0, 0);
INSERT INTO `replies` VALUES (822, 1, 3, 'In voluptatem consequatur exercitationem saepe corrupti perspiciatis hic et.', 0, 0);
INSERT INTO `replies` VALUES (823, 37, 8, 'Facere consequatur sed dicta consequatur nihil.', 0, 0);
INSERT INTO `replies` VALUES (824, 15, 6, 'Dolorum et quo nihil incidunt rem molestiae quam reprehenderit.', 0, 0);
INSERT INTO `replies` VALUES (825, 89, 9, 'Officia quasi veniam placeat.', 0, 0);
INSERT INTO `replies` VALUES (826, 42, 8, 'Nobis aut ipsum minima iure quasi ipsa.', 0, 0);
INSERT INTO `replies` VALUES (827, 10, 6, 'Et est officia voluptates cum.', 0, 0);
INSERT INTO `replies` VALUES (828, 68, 6, 'Vel sunt dolor pariatur esse molestiae est.', 0, 0);
INSERT INTO `replies` VALUES (829, 99, 8, 'In fuga praesentium adipisci neque autem excepturi.', 0, 0);
INSERT INTO `replies` VALUES (830, 51, 7, 'Nulla nostrum hic ratione enim eos in adipisci similique.', 0, 0);
INSERT INTO `replies` VALUES (831, 69, 2, 'Eum non debitis ipsa dicta.', 0, 0);
INSERT INTO `replies` VALUES (832, 51, 1, 'Omnis dignissimos ipsam consectetur sunt est sunt deleniti eius.', 0, 0);
INSERT INTO `replies` VALUES (833, 77, 10, 'Inventore quaerat ratione aut et nesciunt.', 0, 0);
INSERT INTO `replies` VALUES (834, 96, 7, 'Tempora commodi voluptas nihil quibusdam.', 0, 0);
INSERT INTO `replies` VALUES (835, 91, 7, 'Non expedita corporis magnam perspiciatis modi necessitatibus ducimus veniam.', 0, 0);
INSERT INTO `replies` VALUES (836, 31, 9, 'Quo rerum iste quam eos architecto nesciunt quasi consequatur.', 0, 0);
INSERT INTO `replies` VALUES (837, 12, 6, 'Officia autem sunt beatae omnis labore est consectetur ut.', 0, 0);
INSERT INTO `replies` VALUES (838, 94, 3, 'Id et eum fugiat ipsam non nostrum inventore.', 0, 0);
INSERT INTO `replies` VALUES (839, 42, 7, 'Id dolorem quia sit numquam velit animi non.', 0, 0);
INSERT INTO `replies` VALUES (840, 65, 8, 'Quia unde veniam earum voluptas qui nam.', 0, 0);
INSERT INTO `replies` VALUES (841, 58, 9, 'Dolor est soluta quasi voluptas aspernatur iste rerum quam.', 0, 0);
INSERT INTO `replies` VALUES (842, 85, 2, 'Ex facere natus placeat vel aut esse at.', 0, 0);
INSERT INTO `replies` VALUES (843, 49, 1, 'Rem quaerat dolor quaerat assumenda consequuntur numquam libero assumenda.', 0, 0);
INSERT INTO `replies` VALUES (844, 69, 9, 'Quas est soluta eum pariatur.', 0, 0);
INSERT INTO `replies` VALUES (845, 8, 6, 'Blanditiis saepe dicta est dolore vitae recusandae exercitationem.', 0, 0);
INSERT INTO `replies` VALUES (846, 68, 4, 'Dicta molestias consequatur itaque nihil.', 0, 0);
INSERT INTO `replies` VALUES (847, 1, 7, 'Tempora dolorem voluptatibus itaque.', 0, 0);
INSERT INTO `replies` VALUES (848, 97, 8, 'Occaecati aspernatur autem autem.', 0, 0);
INSERT INTO `replies` VALUES (849, 64, 9, 'Culpa odio qui ut libero harum itaque.', 0, 0);
INSERT INTO `replies` VALUES (850, 66, 4, 'Rerum nesciunt et sint eum nihil vel.', 0, 0);
INSERT INTO `replies` VALUES (851, 41, 4, 'Dolor dolorum officiis ut maiores id quia quod.', 0, 0);
INSERT INTO `replies` VALUES (852, 83, 2, 'Aut placeat tempore excepturi rerum atque adipisci.', 0, 0);
INSERT INTO `replies` VALUES (853, 27, 8, 'Aspernatur ut debitis inventore aliquam officiis quas.', 0, 0);
INSERT INTO `replies` VALUES (854, 90, 10, 'Ratione ipsum sunt dolorem soluta minus aut quisquam.', 0, 0);
INSERT INTO `replies` VALUES (855, 15, 6, 'A minus corrupti esse ea.', 0, 0);
INSERT INTO `replies` VALUES (856, 58, 10, 'Modi quis enim accusamus et.', 0, 0);
INSERT INTO `replies` VALUES (857, 94, 1, 'Architecto fuga quisquam dolorum et saepe saepe.', 0, 0);
INSERT INTO `replies` VALUES (858, 54, 5, 'Asperiores a aut debitis expedita provident delectus non.', 0, 0);
INSERT INTO `replies` VALUES (859, 55, 7, 'Consectetur et minus officiis rem dolorem aliquam.', 0, 0);
INSERT INTO `replies` VALUES (860, 86, 9, 'Quia impedit molestiae ullam earum et dolorum.', 0, 0);
INSERT INTO `replies` VALUES (861, 34, 3, 'Enim sit nisi pariatur fuga ipsum iusto.', 0, 0);
INSERT INTO `replies` VALUES (862, 100, 4, 'Deleniti eum id reprehenderit ea perspiciatis.', 0, 0);
INSERT INTO `replies` VALUES (863, 47, 3, 'Dolores maxime quas laboriosam praesentium sed voluptatem at beatae.', 0, 0);
INSERT INTO `replies` VALUES (864, 6, 10, 'Dolore eius doloribus est repudiandae dolorem saepe.', 0, 0);
INSERT INTO `replies` VALUES (865, 24, 7, 'Fugit rerum in delectus veniam iure voluptatem dignissimos.', 0, 0);
INSERT INTO `replies` VALUES (866, 18, 6, 'Ut est rerum provident hic sint quod adipisci.', 0, 0);
INSERT INTO `replies` VALUES (867, 10, 4, 'Pariatur porro nemo culpa sequi nihil repellendus.', 0, 0);
INSERT INTO `replies` VALUES (868, 45, 5, 'Dolorem similique deleniti aspernatur et quis.', 0, 0);
INSERT INTO `replies` VALUES (869, 4, 7, 'Dolorem qui omnis occaecati odit ab eveniet.', 0, 0);
INSERT INTO `replies` VALUES (870, 47, 3, 'Provident repellendus aut magnam perferendis autem.', 0, 0);
INSERT INTO `replies` VALUES (871, 39, 10, 'Tenetur vero saepe unde dolor totam.', 0, 0);
INSERT INTO `replies` VALUES (872, 8, 8, 'Fugiat et ut id provident minus placeat voluptatibus.', 0, 0);
INSERT INTO `replies` VALUES (873, 38, 3, 'Delectus voluptatem est sit excepturi.', 0, 0);
INSERT INTO `replies` VALUES (874, 8, 1, 'Eveniet quas aliquam aperiam provident.', 0, 0);
INSERT INTO `replies` VALUES (875, 10, 1, 'Repellendus nam ipsam doloribus magnam voluptatem possimus a.', 0, 0);
INSERT INTO `replies` VALUES (876, 76, 4, 'In iste qui quidem at quidem rerum dolorem.', 0, 0);
INSERT INTO `replies` VALUES (877, 61, 5, 'Quo in et odit corrupti esse quod et.', 0, 0);
INSERT INTO `replies` VALUES (878, 27, 4, 'Esse tempora vero est ab.', 0, 0);
INSERT INTO `replies` VALUES (879, 28, 8, 'Magni molestiae soluta quisquam quo.', 0, 0);
INSERT INTO `replies` VALUES (880, 66, 1, 'Expedita illo rem quia maiores.', 0, 0);
INSERT INTO `replies` VALUES (881, 45, 4, 'Quaerat nemo saepe non sunt.', 0, 0);
INSERT INTO `replies` VALUES (882, 50, 8, 'Debitis aut illo alias reprehenderit ullam eum cupiditate.', 0, 0);
INSERT INTO `replies` VALUES (883, 81, 2, 'Ut debitis corrupti consequatur ut.', 0, 0);
INSERT INTO `replies` VALUES (884, 24, 4, 'Impedit quod porro eaque vitae est.', 0, 0);
INSERT INTO `replies` VALUES (885, 94, 1, 'Est tempore voluptatibus enim enim non assumenda repellat.', 0, 0);
INSERT INTO `replies` VALUES (886, 89, 4, 'Eos quia aut est dolore.', 0, 0);
INSERT INTO `replies` VALUES (887, 48, 5, 'Asperiores eos est non non ad.', 0, 0);
INSERT INTO `replies` VALUES (888, 36, 9, 'Velit voluptas vel dolores perferendis aut.', 0, 0);
INSERT INTO `replies` VALUES (889, 40, 3, 'Ut qui voluptatem cupiditate aut culpa.', 0, 0);
INSERT INTO `replies` VALUES (890, 94, 6, 'Nihil est laborum nostrum mollitia explicabo.', 0, 0);
INSERT INTO `replies` VALUES (891, 96, 5, 'Alias dolor ad hic quas amet.', 0, 0);
INSERT INTO `replies` VALUES (892, 30, 10, 'Vel omnis nostrum autem ut labore animi.', 0, 0);
INSERT INTO `replies` VALUES (893, 33, 5, 'Sed consectetur aliquid sunt ut ipsum.', 0, 0);
INSERT INTO `replies` VALUES (894, 61, 10, 'Veritatis ex temporibus iure illum delectus vel maxime.', 0, 0);
INSERT INTO `replies` VALUES (895, 61, 6, 'Alias quisquam sequi excepturi hic inventore incidunt ut sit.', 0, 0);
INSERT INTO `replies` VALUES (896, 63, 3, 'Assumenda aut velit est ut ut cupiditate molestiae.', 0, 0);
INSERT INTO `replies` VALUES (897, 7, 9, 'Quis autem id qui.', 0, 0);
INSERT INTO `replies` VALUES (898, 78, 4, 'Vero architecto reiciendis eum perspiciatis.', 0, 0);
INSERT INTO `replies` VALUES (899, 44, 5, 'Qui explicabo hic culpa eligendi ex.', 0, 0);
INSERT INTO `replies` VALUES (900, 47, 3, 'Laboriosam dolor sed dignissimos consequatur aut aspernatur velit.', 0, 0);
INSERT INTO `replies` VALUES (901, 91, 5, 'Quis suscipit repellendus repellat consectetur modi et.', 0, 0);
INSERT INTO `replies` VALUES (902, 62, 1, 'Adipisci aliquid consequuntur reiciendis ut error beatae et.', 0, 0);
INSERT INTO `replies` VALUES (903, 78, 5, 'Nostrum sed voluptates magni et soluta molestiae.', 0, 0);
INSERT INTO `replies` VALUES (904, 40, 1, 'Provident dolorum culpa ut omnis consequatur ipsum harum molestiae.', 0, 0);
INSERT INTO `replies` VALUES (905, 17, 9, 'Vel qui unde perspiciatis dolor ut vel.', 0, 0);
INSERT INTO `replies` VALUES (906, 92, 6, 'Similique numquam iste doloribus.', 0, 0);
INSERT INTO `replies` VALUES (907, 4, 3, 'Excepturi deleniti nulla atque voluptatem quo.', 0, 0);
INSERT INTO `replies` VALUES (908, 94, 5, 'Natus ea modi rerum eum voluptas totam exercitationem.', 0, 0);
INSERT INTO `replies` VALUES (909, 6, 4, 'Officiis id beatae est velit nostrum officiis tenetur.', 0, 0);
INSERT INTO `replies` VALUES (910, 44, 8, 'Corrupti sed enim quia possimus quo hic enim.', 0, 0);
INSERT INTO `replies` VALUES (911, 60, 1, 'A harum non voluptatem quas eveniet provident.', 0, 0);
INSERT INTO `replies` VALUES (912, 53, 5, 'Dolores dolorum odit explicabo.', 0, 0);
INSERT INTO `replies` VALUES (913, 97, 4, 'Non doloribus consectetur eum quis vel.', 0, 0);
INSERT INTO `replies` VALUES (914, 85, 1, 'Ut quia qui similique aliquam.', 0, 0);
INSERT INTO `replies` VALUES (915, 45, 6, 'Vel earum eos vel.', 0, 0);
INSERT INTO `replies` VALUES (916, 96, 3, 'Corrupti sint doloribus vero ipsam laboriosam soluta.', 0, 0);
INSERT INTO `replies` VALUES (917, 95, 2, 'Neque ea sit expedita voluptatem neque.', 0, 0);
INSERT INTO `replies` VALUES (918, 84, 5, 'Rerum mollitia natus veniam rerum magnam impedit.', 0, 0);
INSERT INTO `replies` VALUES (919, 68, 2, 'Minima omnis sunt et.', 0, 0);
INSERT INTO `replies` VALUES (920, 82, 5, 'Nesciunt non explicabo doloremque quisquam enim suscipit quia.', 0, 0);
INSERT INTO `replies` VALUES (921, 95, 10, 'Hic ea numquam fuga et aut dignissimos.', 0, 0);
INSERT INTO `replies` VALUES (922, 6, 10, 'Dolorem et quis aut rerum fugiat porro sequi.', 0, 0);
INSERT INTO `replies` VALUES (923, 15, 3, 'Dolorem omnis error voluptatem labore.', 0, 0);
INSERT INTO `replies` VALUES (924, 29, 9, 'Aliquid facilis harum sed deleniti.', 0, 0);
INSERT INTO `replies` VALUES (925, 16, 1, 'Cupiditate praesentium explicabo ducimus aut.', 0, 0);
INSERT INTO `replies` VALUES (926, 77, 6, 'Et aperiam omnis porro odio modi.', 0, 0);
INSERT INTO `replies` VALUES (927, 74, 5, 'Beatae cumque optio id et exercitationem blanditiis et.', 0, 0);
INSERT INTO `replies` VALUES (928, 19, 1, 'Blanditiis amet et quis ratione.', 0, 0);
INSERT INTO `replies` VALUES (929, 80, 10, 'Officiis minima mollitia est culpa ut.', 0, 0);
INSERT INTO `replies` VALUES (930, 45, 8, 'Sequi ut pariatur consequuntur nihil voluptas provident.', 0, 0);
INSERT INTO `replies` VALUES (931, 46, 6, 'Nulla ut quas dolor quia dicta magnam.', 0, 0);
INSERT INTO `replies` VALUES (932, 49, 6, 'Voluptatem reiciendis adipisci alias voluptate qui veniam voluptatibus.', 0, 0);
INSERT INTO `replies` VALUES (933, 82, 1, 'Accusamus qui quia aliquid et id at sint.', 0, 0);
INSERT INTO `replies` VALUES (934, 37, 9, 'Et autem natus sed necessitatibus et.', 0, 0);
INSERT INTO `replies` VALUES (935, 49, 1, 'Officia quibusdam amet placeat.', 0, 0);
INSERT INTO `replies` VALUES (936, 31, 4, 'Fugit consequatur et maxime veritatis sequi consequatur.', 0, 0);
INSERT INTO `replies` VALUES (937, 65, 10, 'Ratione molestiae assumenda minus eveniet molestiae.', 0, 0);
INSERT INTO `replies` VALUES (938, 28, 4, 'Delectus molestiae sed maiores.', 0, 0);
INSERT INTO `replies` VALUES (939, 63, 6, 'Dicta autem est ex accusamus nisi quis distinctio.', 0, 0);
INSERT INTO `replies` VALUES (940, 87, 6, 'Illum quasi qui ipsum omnis corporis consectetur.', 0, 0);
INSERT INTO `replies` VALUES (941, 71, 6, 'Possimus quis accusantium omnis veniam et vitae.', 0, 0);
INSERT INTO `replies` VALUES (942, 31, 7, 'Aut voluptate adipisci ab excepturi dolorum architecto qui.', 0, 0);
INSERT INTO `replies` VALUES (943, 30, 3, 'Non et pariatur necessitatibus atque harum molestiae.', 0, 0);
INSERT INTO `replies` VALUES (944, 12, 3, 'Sint facilis suscipit ut.', 0, 0);
INSERT INTO `replies` VALUES (945, 68, 9, 'Pariatur repellat corrupti excepturi modi error quia.', 0, 0);
INSERT INTO `replies` VALUES (946, 54, 4, 'Voluptatum laboriosam aut dolore inventore provident fugit qui est.', 0, 0);
INSERT INTO `replies` VALUES (947, 89, 5, 'Ipsa voluptate molestiae ut aut architecto quia quis.', 0, 0);
INSERT INTO `replies` VALUES (948, 41, 1, 'Perferendis voluptate error illo earum maiores id.', 0, 0);
INSERT INTO `replies` VALUES (949, 85, 7, 'Nostrum blanditiis nesciunt quod cumque laboriosam maiores totam.', 0, 0);
INSERT INTO `replies` VALUES (950, 79, 3, 'Et vel quam quibusdam voluptatibus.', 0, 0);
INSERT INTO `replies` VALUES (951, 79, 5, 'Accusantium natus nam velit unde beatae.', 0, 0);
INSERT INTO `replies` VALUES (952, 11, 5, 'Porro sapiente nobis accusantium sapiente voluptatibus et dignissimos.', 0, 0);
INSERT INTO `replies` VALUES (953, 50, 6, 'Mollitia iure occaecati eius fugiat.', 0, 0);
INSERT INTO `replies` VALUES (954, 48, 6, 'Dolores ut rerum veniam officiis ducimus quaerat repellendus.', 0, 0);
INSERT INTO `replies` VALUES (955, 36, 2, 'Sequi modi aut ut neque voluptatum modi voluptatibus autem.', 0, 0);
INSERT INTO `replies` VALUES (956, 50, 3, 'Ullam accusantium quia sunt dolore qui id pariatur.', 0, 0);
INSERT INTO `replies` VALUES (957, 17, 3, 'Sint praesentium sequi illo accusamus repellat quis.', 0, 0);
INSERT INTO `replies` VALUES (958, 11, 6, 'Sint sunt eum temporibus quis ea fuga.', 0, 0);
INSERT INTO `replies` VALUES (959, 61, 2, 'Ex quo voluptas similique earum explicabo nemo rerum.', 0, 0);
INSERT INTO `replies` VALUES (960, 31, 3, 'Rerum delectus aliquid modi ad at ratione molestiae.', 0, 0);
INSERT INTO `replies` VALUES (961, 78, 5, 'Recusandae velit molestias ut consectetur eum consequatur et.', 0, 0);
INSERT INTO `replies` VALUES (962, 29, 2, 'Laboriosam sit ullam architecto accusantium molestiae.', 0, 0);
INSERT INTO `replies` VALUES (963, 71, 9, 'Quia cumque fugiat maiores quia doloremque.', 0, 0);
INSERT INTO `replies` VALUES (964, 25, 7, 'Id explicabo dignissimos quis ut blanditiis qui quo.', 0, 0);
INSERT INTO `replies` VALUES (965, 17, 8, 'Debitis enim quas aliquam adipisci ipsa qui.', 0, 0);
INSERT INTO `replies` VALUES (966, 78, 10, 'Nostrum a dolore voluptas laborum et consectetur.', 0, 0);
INSERT INTO `replies` VALUES (967, 14, 8, 'Omnis necessitatibus repudiandae omnis non quia enim magni.', 0, 0);
INSERT INTO `replies` VALUES (968, 13, 5, 'Est rerum voluptatem voluptatem aut.', 0, 0);
INSERT INTO `replies` VALUES (969, 5, 8, 'Exercitationem beatae optio id quis inventore voluptas atque.', 0, 0);
INSERT INTO `replies` VALUES (970, 83, 7, 'Fugit odit voluptatem eos saepe amet aut quam in.', 0, 0);
INSERT INTO `replies` VALUES (971, 11, 9, 'Nisi sed et dolorem qui.', 0, 0);
INSERT INTO `replies` VALUES (972, 3, 8, 'Qui et impedit eius omnis.', 0, 0);
INSERT INTO `replies` VALUES (973, 47, 5, 'Doloribus reprehenderit fugit nesciunt reprehenderit.', 0, 0);
INSERT INTO `replies` VALUES (974, 46, 6, 'Rerum ratione et nisi.', 0, 0);
INSERT INTO `replies` VALUES (975, 24, 4, 'Incidunt qui facilis minus.', 0, 0);
INSERT INTO `replies` VALUES (976, 79, 2, 'Illo modi recusandae laboriosam quia autem.', 0, 0);
INSERT INTO `replies` VALUES (977, 9, 7, 'Non maiores repellat voluptate voluptatibus illum eius qui.', 0, 0);
INSERT INTO `replies` VALUES (978, 29, 5, 'Vitae ratione et ad voluptatem voluptas ad placeat.', 0, 0);
INSERT INTO `replies` VALUES (979, 92, 7, 'Asperiores voluptate saepe voluptates ipsam dicta quam earum.', 0, 0);
INSERT INTO `replies` VALUES (980, 24, 5, 'Soluta ea rem sapiente modi nesciunt ea voluptatem.', 0, 0);
INSERT INTO `replies` VALUES (981, 19, 7, 'Magni ad nisi nulla sit illo architecto.', 0, 0);
INSERT INTO `replies` VALUES (982, 30, 7, 'Sint non at modi ullam ad provident ratione.', 0, 0);
INSERT INTO `replies` VALUES (983, 25, 3, 'Officia perspiciatis optio eum voluptatem sapiente molestiae.', 0, 0);
INSERT INTO `replies` VALUES (984, 74, 3, 'Officia facilis aspernatur repellendus incidunt facilis.', 0, 0);
INSERT INTO `replies` VALUES (985, 45, 1, 'Vel dolorem accusamus quas et.', 0, 0);
INSERT INTO `replies` VALUES (986, 27, 8, 'Minima ut atque ut laboriosam consequatur.', 0, 0);
INSERT INTO `replies` VALUES (987, 96, 3, 'Unde aut aut accusamus provident sunt.', 0, 0);
INSERT INTO `replies` VALUES (988, 70, 3, 'Et consectetur perferendis est perspiciatis consequuntur quo neque.', 0, 0);
INSERT INTO `replies` VALUES (989, 90, 6, 'Dolores hic est qui sunt vel voluptate.', 0, 0);
INSERT INTO `replies` VALUES (990, 65, 8, 'Veniam id est maiores et consequatur.', 0, 0);
INSERT INTO `replies` VALUES (991, 37, 6, 'Possimus ad quo suscipit.', 0, 0);
INSERT INTO `replies` VALUES (992, 61, 7, 'Voluptate error optio ipsum.', 0, 0);
INSERT INTO `replies` VALUES (993, 30, 3, 'Est adipisci omnis quo modi iusto.', 0, 0);
INSERT INTO `replies` VALUES (994, 98, 8, 'Voluptatem laudantium eum inventore qui.', 0, 0);
INSERT INTO `replies` VALUES (995, 96, 5, 'Distinctio eos rerum deserunt veniam.', 0, 0);
INSERT INTO `replies` VALUES (996, 97, 9, 'Aut odit porro odit similique dolorum expedita.', 0, 0);
INSERT INTO `replies` VALUES (997, 76, 10, 'Optio laborum iste dolore.', 0, 0);
INSERT INTO `replies` VALUES (998, 98, 2, 'Delectus nemo quia ut libero eius autem.', 0, 0);
INSERT INTO `replies` VALUES (999, 16, 8, 'Aut excepturi qui sunt ipsam illum quia aut.', 0, 0);
INSERT INTO `replies` VALUES (1000, 38, 6, 'Modi sunt non nisi.', 0, 0);
COMMIT;

-- ----------------------------
-- Table structure for topics
-- ----------------------------
DROP TABLE IF EXISTS `topics`;
CREATE TABLE `topics` (
  `id` int(10) unsigned NOT NULL AUTO_INCREMENT,
  `title` varchar(255) COLLATE utf8mb4_unicode_ci NOT NULL COMMENT '话题标题',
  `body` text COLLATE utf8mb4_unicode_ci NOT NULL COMMENT '内容',
  `user_id` int(10) unsigned NOT NULL COMMENT '用户id',
  `category_id` int(10) unsigned NOT NULL COMMENT '分类id',
  `reply_count` int(10) unsigned DEFAULT '0' COMMENT '回复数量',
  `view_count` int(10) unsigned DEFAULT '0' COMMENT '查看数量',
  `last_reply_user_id` int(10) unsigned DEFAULT '0' COMMENT '最后回复用户id',
  `order` int(10) unsigned DEFAULT '0' COMMENT '排序',
  `excerpt` text COLLATE utf8mb4_unicode_ci COMMENT '摘要',
  `create_time` int(10) unsigned DEFAULT '0' COMMENT '添加时间',
  `update_time` int(10) unsigned DEFAULT '0' COMMENT '编辑时间',
  `delete_time` int(10) unsigned DEFAULT '0' COMMENT '删除时间',
  PRIMARY KEY (`id`),
  KEY `topics_title_index` (`title`),
  KEY `topics_user_id_index` (`user_id`),
  KEY `topics_category_id_index` (`category_id`),
  KEY `delete_time` (`delete_time`)
) ENGINE=InnoDB AUTO_INCREMENT=5126 DEFAULT CHARSET=utf8mb4 COLLATE=utf8mb4_unicode_ci COMMENT='话题表';

-- ----------------------------
-- Records of topics
-- ----------------------------
BEGIN;
INSERT INTO `topics` VALUES (1, 'Et facilis aperiam suscipit autem ea consequuntur dolores.', 'Est vitae sed saepe deleniti tempore id quae. Et voluptate omnis quae dolores sunt adipisci eos. Ipsam est praesentium consequatur dolorem. Consequatur aut est vel deleniti vel ipsum.', 9, 2, 0, 0, 0, 0, 'Et facilis aperiam suscipit autem ea consequuntur dolores.', 0, 0, 0);
INSERT INTO `topics` VALUES (2, 'Veritatis voluptas sunt esse est vel aspernatur sint.', 'Molestias qui fuga facere iste. Ut numquam dolorem et et omnis culpa sed. Quod maiores perspiciatis velit iure dolores repudiandae corrupti.', 3, 1, 0, 0, 0, 0, 'Veritatis voluptas sunt esse est vel aspernatur sint.', 0, 0, 0);
INSERT INTO `topics` VALUES (3, 'Est aut et voluptatem officia veritatis et.', 'Occaecati odio tempore et. Exercitationem ratione deleniti est perferendis. Cumque quia dolore sed aut voluptatem aut. Molestias reprehenderit atque fugit possimus qui atque.', 8, 1, 0, 0, 0, 0, 'Est aut et voluptatem officia veritatis et.', 0, 0, 0);
INSERT INTO `topics` VALUES (4, 'In beatae est mollitia facere doloremque quis architecto cumque.', 'In necessitatibus provident id suscipit maxime similique. Exercitationem voluptatem aut eum sit voluptatem. Architecto accusantium eaque repellat et. Dignissimos eius consequatur et.', 10, 2, 0, 0, 0, 0, 'In beatae est mollitia facere doloremque quis architecto cumque.', 0, 0, 0);
INSERT INTO `topics` VALUES (5, 'Sit occaecati nihil dolor voluptatem error atque officia velit.', 'Quae in quisquam odit deleniti ipsum repellendus. Rerum provident consequatur placeat nemo sit. Quaerat cupiditate corrupti voluptatem voluptatum optio.', 9, 1, 0, 0, 0, 0, 'Sit occaecati nihil dolor voluptatem error atque officia velit.', 0, 0, 0);
INSERT INTO `topics` VALUES (6, 'Ut sapiente corporis voluptatum voluptas expedita ratione.', 'Eligendi perspiciatis dolorem earum sed voluptatem quis sed. Consequuntur tempore nemo nemo. Voluptatem eum et natus et et molestias qui.', 4, 2, 0, 0, 0, 0, 'Ut sapiente corporis voluptatum voluptas expedita ratione.', 0, 0, 0);
INSERT INTO `topics` VALUES (7, 'Non officiis consequatur quas nostrum magnam autem sint dolor.', 'Odio sint suscipit est et ut mollitia et. Vel illo aut optio quis. Dolor nobis suscipit reiciendis voluptatibus. Inventore fuga recusandae doloremque quo.', 6, 3, 0, 0, 0, 0, 'Non officiis consequatur quas nostrum magnam autem sint dolor.', 0, 0, 0);
INSERT INTO `topics` VALUES (8, 'Culpa cupiditate est incidunt enim.', 'Autem laudantium repellendus et repudiandae sed. Alias sunt aut illum expedita et. Sit velit ea repellendus aut voluptatem.', 10, 3, 0, 0, 0, 0, 'Culpa cupiditate est incidunt enim.', 0, 0, 0);
INSERT INTO `topics` VALUES (9, 'Architecto suscipit tempore incidunt.', 'Quae ut accusamus ullam. Recusandae sed at unde laudantium quis sit accusantium doloribus. Quis omnis eum iusto temporibus qui pariatur nihil. Voluptas vitae qui rem dignissimos.', 4, 4, 0, 0, 0, 0, 'Architecto suscipit tempore incidunt.', 0, 0, 0);
INSERT INTO `topics` VALUES (10, 'Quia est repellat deleniti quis magnam et nobis libero.', 'Ut voluptatibus deserunt aliquam est. Quia sed numquam sit error voluptatum quisquam. Reiciendis voluptas repudiandae nulla qui non consequatur exercitationem.', 1, 3, 0, 0, 0, 0, 'Quia est repellat deleniti quis magnam et nobis libero.', 0, 0, 0);
INSERT INTO `topics` VALUES (11, 'Sit impedit voluptatem perspiciatis harum et maiores illum.', 'Corporis commodi et aspernatur consequatur laudantium impedit. Dignissimos deserunt itaque consectetur tempora placeat ipsa. Autem iusto est quaerat. Consequatur voluptates impedit dolor ipsa rerum.', 6, 3, 0, 0, 0, 0, 'Sit impedit voluptatem perspiciatis harum et maiores illum.', 0, 0, 0);
INSERT INTO `topics` VALUES (12, 'Recusandae soluta incidunt tempora cum et rerum.', 'Et quia distinctio aut beatae numquam. Non eum laudantium omnis dolor corrupti est. Similique hic voluptate modi doloribus. Ducimus porro aut dolorem illo neque rerum assumenda quae.', 4, 4, 0, 0, 0, 0, 'Recusandae soluta incidunt tempora cum et rerum.', 0, 0, 0);
INSERT INTO `topics` VALUES (13, 'Fugit similique qui et ad rem odit aut.', 'Nesciunt voluptas eius sapiente exercitationem magni eius. Porro autem deserunt ipsum qui et illum sequi. Vero facilis natus culpa qui. Molestias voluptatibus quia est dolores suscipit aliquid vel.', 4, 4, 0, 0, 0, 0, 'Fugit similique qui et ad rem odit aut.', 0, 0, 0);
INSERT INTO `topics` VALUES (14, 'Facere dolore quia dolorem voluptas assumenda.', 'Impedit eum alias quam. Quia id sint error atque et. Dolor totam doloribus qui. Adipisci voluptate laborum illum voluptas velit alias.', 9, 1, 0, 0, 0, 0, 'Facere dolore quia dolorem voluptas assumenda.', 0, 0, 0);
INSERT INTO `topics` VALUES (15, 'Sed suscipit quam modi ipsa molestias fugiat.', 'Voluptatibus unde magni ab cupiditate eos quam. Rerum accusamus quidem non molestias optio fugit. Harum est aut nisi repellendus dignissimos repellendus sed velit.', 3, 3, 0, 0, 0, 0, 'Sed suscipit quam modi ipsa molestias fugiat.', 0, 0, 0);
INSERT INTO `topics` VALUES (16, 'Fugit in eos hic atque in debitis.', 'Voluptatem voluptatem qui nobis autem harum modi dignissimos. Mollitia eum impedit qui. Reprehenderit molestiae architecto voluptatem autem et aut ut. Facilis voluptas aliquam quae sit.', 1, 4, 0, 0, 0, 0, 'Fugit in eos hic atque in debitis.', 0, 0, 0);
INSERT INTO `topics` VALUES (17, 'Tenetur omnis vel deleniti harum cum sed.', 'Doloremque illum quas harum distinctio. Quia earum quos culpa. Ut est voluptas deserunt dolores aut.', 3, 4, 0, 0, 0, 0, 'Tenetur omnis vel deleniti harum cum sed.', 0, 0, 0);
INSERT INTO `topics` VALUES (18, 'Et rerum cumque voluptas cumque itaque.', 'Temporibus ad sed officia. Enim ut officia et cum doloremque maxime cupiditate sequi. Labore repudiandae et voluptas explicabo repellendus praesentium.', 6, 2, 0, 0, 0, 0, 'Et rerum cumque voluptas cumque itaque.', 0, 0, 0);
INSERT INTO `topics` VALUES (19, 'Asperiores laudantium non nemo.', 'Enim vel eligendi impedit voluptate omnis nihil recusandae. Et odio aut voluptas corporis ipsa. Unde maxime unde assumenda praesentium fugit eos aut.', 7, 3, 0, 0, 0, 0, 'Asperiores laudantium non nemo.', 0, 0, 0);
INSERT INTO `topics` VALUES (20, 'Facere eos non vero deleniti laborum.', 'Accusamus et atque dolore repellat consequuntur voluptates doloremque quia. Modi sed nostrum distinctio non. Voluptatem et dolores quia unde repellat at.', 9, 4, 0, 0, 0, 0, 'Facere eos non vero deleniti laborum.', 0, 0, 0);
INSERT INTO `topics` VALUES (21, 'Ut est commodi hic.', 'Iure vero vel dolores perspiciatis placeat molestiae. Quia numquam aut nobis. Accusantium laudantium vitae sit nam rem. Quis dolores natus quis maiores quia odit.', 2, 4, 0, 0, 0, 0, 'Ut est commodi hic.', 0, 0, 0);
INSERT INTO `topics` VALUES (22, 'Quo nostrum quaerat vel aut facilis.', 'Itaque labore facilis rerum ut laudantium voluptatem incidunt hic. Eligendi beatae asperiores aut iusto quibusdam natus exercitationem. Autem vel autem modi qui.', 8, 2, 0, 0, 0, 0, 'Quo nostrum quaerat vel aut facilis.', 0, 0, 0);
INSERT INTO `topics` VALUES (23, 'Impedit deleniti blanditiis in.', 'Labore labore sit quo sunt laborum. Ducimus aut neque libero sunt. Et voluptates eos dolore harum temporibus id tempore. Facere cum voluptatem ipsum molestiae illo et.', 3, 3, 0, 0, 0, 0, 'Impedit deleniti blanditiis in.', 0, 0, 0);
INSERT INTO `topics` VALUES (24, 'Excepturi suscipit iure fugiat cupiditate nihil non.', 'Illo et ut qui id. Sunt deserunt dolorem ea et qui. Maxime consectetur repellendus esse aut quia tenetur.', 6, 4, 0, 0, 0, 0, 'Excepturi suscipit iure fugiat cupiditate nihil non.', 0, 0, 0);
INSERT INTO `topics` VALUES (25, 'Molestias facilis ut qui quasi similique voluptatem sapiente rem.', 'Architecto dignissimos et quo excepturi totam incidunt. Non sapiente vel fugiat possimus quibusdam.', 6, 3, 0, 0, 0, 0, 'Molestias facilis ut qui quasi similique voluptatem sapiente rem.', 0, 0, 0);
INSERT INTO `topics` VALUES (26, 'Laboriosam ut numquam similique dolores.', 'Tempore ab et rerum eos. Necessitatibus omnis id omnis fuga neque et repudiandae voluptatem. Repellendus est quis enim optio rerum. Eum temporibus quasi ut occaecati et.', 7, 4, 0, 0, 0, 0, 'Laboriosam ut numquam similique dolores.', 0, 0, 0);
INSERT INTO `topics` VALUES (27, 'Sit rerum repellendus fuga consequatur expedita odio explicabo.', 'Exercitationem neque harum corrupti qui excepturi veniam modi nostrum. Quis quia non ut ut corrupti. Explicabo autem itaque rerum quam. Autem esse dolore in omnis repellat ex voluptatem minus.', 6, 4, 0, 0, 0, 0, 'Sit rerum repellendus fuga consequatur expedita odio explicabo.', 0, 0, 0);
INSERT INTO `topics` VALUES (28, 'Et culpa omnis dolores hic.', 'Corrupti necessitatibus modi nam. Cum ut non adipisci deleniti aut. Enim ut eaque nesciunt qui quibusdam. Laudantium sunt dolores quidem at quo in voluptas.', 4, 2, 0, 0, 0, 0, 'Et culpa omnis dolores hic.', 0, 0, 0);
INSERT INTO `topics` VALUES (29, 'Consequuntur consequuntur consequatur quaerat fugit.', 'Qui odio aut quos voluptas labore. Ut porro consectetur tenetur quae occaecati velit aliquid. Id voluptatum et ea sit asperiores est cumque.', 6, 3, 0, 0, 0, 0, 'Consequuntur consequuntur consequatur quaerat fugit.', 0, 0, 0);
INSERT INTO `topics` VALUES (30, 'Aut est recusandae tempora.', 'Aut unde ullam voluptatum fugiat. Assumenda asperiores qui incidunt occaecati ratione nulla. Minus consectetur distinctio voluptatem et qui aut.', 10, 1, 0, 0, 0, 0, 'Aut est recusandae tempora.', 0, 0, 0);
INSERT INTO `topics` VALUES (31, 'Vel officiis autem ex tempora ut aliquid molestias praesentium.', 'Itaque et natus et eveniet voluptatem. Ratione consequatur placeat impedit et. Libero pariatur facilis perferendis.', 9, 1, 0, 0, 0, 0, 'Vel officiis autem ex tempora ut aliquid molestias praesentium.', 0, 0, 0);
INSERT INTO `topics` VALUES (32, 'Aut minima et et et sint quia.', 'Iusto nobis tenetur mollitia temporibus. Quia molestiae quasi tempore voluptate inventore distinctio. Omnis quasi sapiente labore odio. Vero cum itaque quas dolorem libero vitae sint nulla.', 1, 3, 0, 0, 0, 0, 'Aut minima et et et sint quia.', 0, 0, 0);
INSERT INTO `topics` VALUES (33, 'Earum voluptatem maiores nostrum fugit.', 'Quo non exercitationem molestiae. Quisquam asperiores atque odit totam non voluptatibus. Autem iure optio reprehenderit asperiores. Saepe placeat neque consequuntur natus officiis eius.', 10, 4, 0, 0, 0, 0, 'Earum voluptatem maiores nostrum fugit.', 0, 0, 0);
INSERT INTO `topics` VALUES (34, 'Qui ipsum qui assumenda amet et quasi ea officiis.', 'Ab inventore ut expedita neque. Recusandae velit rem dolores est quae hic. Ipsa facere consequuntur a ab perspiciatis. Velit et ipsam nostrum error qui.', 3, 1, 0, 0, 0, 0, 'Qui ipsum qui assumenda amet et quasi ea officiis.', 0, 0, 0);
INSERT INTO `topics` VALUES (35, 'Aut corporis vitae enim sequi et cupiditate voluptatem.', 'Rerum fugit sit cupiditate enim nemo totam. Veniam nihil culpa unde omnis vitae odit repudiandae. Labore rem et non.', 7, 3, 0, 0, 0, 0, 'Aut corporis vitae enim sequi et cupiditate voluptatem.', 0, 0, 0);
INSERT INTO `topics` VALUES (36, 'Voluptates quia in exercitationem molestias quia.', 'Et consequuntur aut laborum et repudiandae ea. Commodi veritatis ducimus voluptatibus molestiae voluptatem sit. Sunt ipsam dolorem quaerat dolor facere.', 6, 4, 0, 0, 0, 0, 'Voluptates quia in exercitationem molestias quia.', 0, 0, 0);
INSERT INTO `topics` VALUES (37, 'Quas excepturi voluptatem tempore eum quo omnis.', 'Dolore quod sint molestias officia voluptas et. Non occaecati ad accusantium exercitationem magnam ad. Deserunt illum velit maxime possimus neque iusto.', 9, 4, 0, 0, 0, 0, 'Quas excepturi voluptatem tempore eum quo omnis.', 0, 0, 0);
INSERT INTO `topics` VALUES (38, 'Perferendis unde architecto similique et velit fugiat nemo corporis.', 'Quae id omnis alias voluptas et sint voluptas aut. Eum aspernatur ut error. Voluptate omnis doloremque consequatur est voluptas. Eos pariatur eum recusandae veniam corrupti quis.', 7, 3, 0, 0, 0, 0, 'Perferendis unde architecto similique et velit fugiat nemo corporis.', 0, 0, 0);
INSERT INTO `topics` VALUES (39, 'Ut dicta non voluptate excepturi officiis.', 'Cupiditate facere et assumenda eius dolor quidem aut. Sequi et quia laudantium maxime sed mollitia et quod. Aut assumenda et dignissimos deserunt et culpa.', 2, 1, 0, 0, 0, 0, 'Ut dicta non voluptate excepturi officiis.', 0, 0, 0);
INSERT INTO `topics` VALUES (40, 'Quas distinctio quasi voluptatem molestias et.', 'Est aut ducimus aut aut dicta voluptatum. Officiis et illum sapiente illo veniam at enim ut.', 5, 4, 0, 0, 0, 0, 'Quas distinctio quasi voluptatem molestias et.', 0, 0, 0);
INSERT INTO `topics` VALUES (41, 'Vitae aspernatur quia et nemo ipsam.', 'Quo labore illo reprehenderit quo ipsa porro qui provident. Eum amet est ab tempore libero ullam dolore. Dolorum id fugit asperiores facere a.', 8, 1, 0, 0, 0, 0, 'Vitae aspernatur quia et nemo ipsam.', 0, 0, 0);
INSERT INTO `topics` VALUES (42, 'Quo laborum cum dignissimos cumque earum ab.', 'Earum eos molestiae perferendis ut. Reiciendis et aut magni. Et autem quis distinctio excepturi fuga. Architecto quia ab adipisci suscipit.', 1, 4, 0, 0, 0, 0, 'Quo laborum cum dignissimos cumque earum ab.', 0, 0, 0);
INSERT INTO `topics` VALUES (43, 'Omnis voluptatem rerum necessitatibus numquam qui corrupti asperiores.', 'Animi libero rem perspiciatis a exercitationem praesentium. Consectetur veniam dolores recusandae. Expedita molestiae nihil nemo est. Est omnis voluptatem non officiis.', 2, 1, 0, 0, 0, 0, 'Omnis voluptatem rerum necessitatibus numquam qui corrupti asperiores.', 0, 0, 0);
INSERT INTO `topics` VALUES (44, 'Repellat voluptas expedita rerum quisquam.', 'Veniam praesentium quos quasi. Omnis explicabo numquam officia voluptates. In asperiores non velit quia temporibus sit. Aspernatur eum ut quaerat non rem fuga.', 1, 4, 0, 0, 0, 0, 'Repellat voluptas expedita rerum quisquam.', 0, 0, 0);
INSERT INTO `topics` VALUES (45, 'Saepe et doloribus fugit et eum.', 'Adipisci ipsam omnis quis quibusdam eveniet perspiciatis ipsum. Sit aut voluptatum aspernatur voluptates quia. Tenetur rem ad quidem vero cum.', 10, 1, 0, 0, 0, 0, 'Saepe et doloribus fugit et eum.', 0, 0, 0);
INSERT INTO `topics` VALUES (46, 'Deleniti expedita in rerum qui sed recusandae.', 'Quaerat sunt vero corporis eum et vero eveniet expedita. Maxime quae voluptatum quia inventore impedit nisi. Vitae quo esse est aut ut eligendi. Quaerat doloremque nisi consequatur occaecati.', 7, 4, 0, 0, 0, 0, 'Deleniti expedita in rerum qui sed recusandae.', 0, 0, 0);
INSERT INTO `topics` VALUES (47, 'Nihil harum illum aut debitis est earum eos.', 'Nihil aliquam voluptatem hic quod sed error natus error. Blanditiis et non enim et molestias. Dolore quia sunt harum in eligendi aut. Voluptatem quo qui placeat.', 8, 1, 0, 0, 0, 0, 'Nihil harum illum aut debitis est earum eos.', 0, 0, 0);
INSERT INTO `topics` VALUES (48, 'Maxime sint quia repellendus fuga molestias voluptatem possimus.', 'Sunt aut neque voluptatem. Maiores laudantium odit explicabo similique. Enim at officiis labore voluptatem.', 9, 3, 0, 0, 0, 0, 'Maxime sint quia repellendus fuga molestias voluptatem possimus.', 0, 0, 0);
INSERT INTO `topics` VALUES (49, 'Voluptas libero est est inventore omnis perferendis voluptas.', 'Non error temporibus odit delectus non quis exercitationem. Corrupti perferendis ea consequuntur omnis. Illo dolores voluptas officia est.', 9, 2, 0, 0, 0, 0, 'Voluptas libero est est inventore omnis perferendis voluptas.', 0, 0, 0);
INSERT INTO `topics` VALUES (50, 'Enim nam quasi ipsa autem.', 'Pariatur sit incidunt quam accusantium aspernatur consequuntur. Alias fugit odit non aut debitis ea nihil. Blanditiis ea vel est aut et hic.', 3, 1, 0, 0, 0, 0, 'Enim nam quasi ipsa autem.', 0, 0, 0);
INSERT INTO `topics` VALUES (51, 'Ut voluptatem sunt sunt quaerat tenetur quia eligendi.', 'Commodi eligendi magnam reprehenderit molestiae modi. Ea eos ad aut quas repellat quia. Et ratione saepe et. Rerum mollitia illum sit et cum nesciunt.', 8, 2, 0, 0, 0, 0, 'Ut voluptatem sunt sunt quaerat tenetur quia eligendi.', 0, 0, 0);
INSERT INTO `topics` VALUES (52, 'Deleniti eveniet doloremque sit et.', 'Illo laudantium quasi quis omnis. Soluta similique optio libero beatae nobis. Debitis blanditiis beatae quia non labore.', 8, 4, 0, 0, 0, 0, 'Deleniti eveniet doloremque sit et.', 0, 0, 0);
INSERT INTO `topics` VALUES (53, 'Quas aspernatur autem esse minus dolorum expedita.', 'Architecto eligendi in dignissimos illo illum ut. Ut ipsum dolorem culpa dolor blanditiis officiis dolores. Dolore deserunt omnis et omnis ea.', 9, 2, 0, 0, 0, 0, 'Quas aspernatur autem esse minus dolorum expedita.', 0, 0, 0);
INSERT INTO `topics` VALUES (54, 'Quibusdam veniam quos eius voluptate voluptatem.', 'Ullam amet rerum ducimus culpa. Dolorum et deleniti id nemo magni.', 9, 1, 0, 0, 0, 0, 'Quibusdam veniam quos eius voluptate voluptatem.', 0, 0, 0);
INSERT INTO `topics` VALUES (55, 'Iusto aut culpa minus illum quisquam quia molestiae nam.', 'Maiores dolore et voluptatem. Dolor sed rerum maxime enim adipisci earum quod. Eum ab deserunt cum quod. Aut quis aut doloribus. Incidunt saepe quaerat quia ex optio deleniti.', 8, 2, 0, 0, 0, 0, 'Iusto aut culpa minus illum quisquam quia molestiae nam.', 0, 0, 0);
INSERT INTO `topics` VALUES (56, 'A in minima rerum eius quos.', 'Corrupti officiis corporis ad et sapiente nemo. Quis molestias quis sed voluptas officia aperiam. Et aut et eius architecto tempore sit. Natus dolores nemo et aut exercitationem.', 7, 2, 0, 0, 0, 0, 'A in minima rerum eius quos.', 0, 0, 0);
INSERT INTO `topics` VALUES (57, 'Sed accusantium qui ullam quos aperiam harum.', 'Dolorum quibusdam quia dolorem ullam id recusandae incidunt voluptatem. Rerum est incidunt rerum voluptas.', 2, 3, 0, 0, 0, 0, 'Sed accusantium qui ullam quos aperiam harum.', 0, 0, 0);
INSERT INTO `topics` VALUES (58, 'Veniam voluptatem harum porro sit velit harum.', 'Asperiores illum aut eius sapiente laborum iusto. Nihil fugiat magni et debitis. Atque quidem porro tenetur aut nostrum sit.', 8, 3, 0, 0, 0, 0, 'Veniam voluptatem harum porro sit velit harum.', 0, 0, 0);
INSERT INTO `topics` VALUES (59, 'Repellendus sint ipsam ut earum voluptatibus ut.', 'Expedita consequatur suscipit consequatur omnis officiis fugit officia rerum. Voluptatem ducimus assumenda id qui consequatur. Nam quae non eum quasi. Sed possimus et vero.', 3, 2, 0, 0, 0, 0, 'Repellendus sint ipsam ut earum voluptatibus ut.', 0, 0, 0);
INSERT INTO `topics` VALUES (60, 'Dolores qui explicabo dolores doloremque provident velit quo.', 'Accusantium voluptatem harum necessitatibus aut minus aut ut. Enim ut non aperiam quidem. Aliquam itaque excepturi quis amet error quia est.', 8, 2, 0, 0, 0, 0, 'Dolores qui explicabo dolores doloremque provident velit quo.', 0, 0, 0);
INSERT INTO `topics` VALUES (61, 'Sint ducimus fugiat itaque aspernatur atque rerum.', 'Ipsum id ea iusto quos nihil dolor quis. Alias pariatur modi voluptatem reprehenderit voluptate ea sint. Corporis neque nisi fuga adipisci rerum incidunt tempore.', 1, 2, 0, 0, 0, 0, 'Sint ducimus fugiat itaque aspernatur atque rerum.', 0, 0, 0);
INSERT INTO `topics` VALUES (62, 'In debitis neque enim sint.', 'Laborum ut dolorum maiores. Officiis sunt et esse beatae deserunt ut magni. Totam sint fugiat quibusdam architecto dicta minus.', 9, 3, 0, 0, 0, 0, 'In debitis neque enim sint.', 0, 0, 0);
INSERT INTO `topics` VALUES (63, 'Laudantium ratione aliquid sed qui ullam voluptas.', 'Non accusamus occaecati non quam exercitationem minus commodi. Nam delectus at iste at nobis. Quo dolorem ipsam odio laboriosam quidem quasi officia.', 9, 4, 0, 0, 0, 0, 'Laudantium ratione aliquid sed qui ullam voluptas.', 0, 0, 0);
INSERT INTO `topics` VALUES (64, 'Sit dignissimos dolores recusandae cumque.', 'Quod architecto quia ut dignissimos et. Qui placeat voluptas provident ea repellendus sed dolore. Ea et quas voluptas eveniet unde.', 3, 1, 0, 0, 0, 0, 'Sit dignissimos dolores recusandae cumque.', 0, 0, 0);
INSERT INTO `topics` VALUES (65, 'Ab repellendus deserunt a expedita dolores qui dolor.', 'Animi sit consectetur harum eos voluptatem est. Esse voluptas corrupti et quis molestiae officiis. Et id sed quisquam illum at qui et. A eos blanditiis autem facere. Pariatur nostrum nisi quia.', 10, 3, 0, 0, 0, 0, 'Ab repellendus deserunt a expedita dolores qui dolor.', 0, 0, 0);
INSERT INTO `topics` VALUES (66, 'Amet omnis repellendus libero incidunt quisquam sit sequi.', 'Magni nulla expedita quibusdam sequi qui ex. Rerum reprehenderit voluptas dolor. Facilis eos est non necessitatibus voluptas.', 10, 1, 0, 0, 0, 0, 'Amet omnis repellendus libero incidunt quisquam sit sequi.', 0, 0, 0);
INSERT INTO `topics` VALUES (67, 'Quis earum nihil rerum saepe inventore pariatur debitis nihil.', 'Et eum ducimus aliquid ut exercitationem et et. Eos earum repellat ab odio architecto qui. Tempore itaque aut occaecati omnis rerum officiis. Excepturi ut reiciendis corrupti dicta quidem.', 2, 3, 0, 0, 0, 0, 'Quis earum nihil rerum saepe inventore pariatur debitis nihil.', 0, 0, 0);
INSERT INTO `topics` VALUES (68, 'Praesentium aut voluptate voluptatem expedita itaque dicta.', 'Doloremque laboriosam sed enim in et et doloremque. Pariatur itaque corporis mollitia exercitationem natus. Rerum dolorem totam suscipit labore. Accusantium dolores dolorem perspiciatis illum.', 1, 3, 0, 0, 0, 0, 'Praesentium aut voluptate voluptatem expedita itaque dicta.', 0, 0, 0);
INSERT INTO `topics` VALUES (69, 'Minima nesciunt et quo ut non.', 'Nemo et odio eos repudiandae voluptatibus non consequatur. Et ut ipsum enim occaecati. Numquam tempore autem neque minima. Ut blanditiis labore explicabo quia doloremque dolor.', 4, 4, 0, 0, 0, 0, 'Minima nesciunt et quo ut non.', 0, 0, 0);
INSERT INTO `topics` VALUES (70, 'Eius dolorem dicta quis iure quam omnis voluptatem rerum.', 'Nisi et magnam dolor et molestiae. Modi ut qui commodi. Maxime temporibus aut exercitationem. Quas ratione laboriosam doloribus dolore ducimus nesciunt.', 6, 1, 0, 0, 0, 0, 'Eius dolorem dicta quis iure quam omnis voluptatem rerum.', 0, 0, 0);
INSERT INTO `topics` VALUES (71, 'Nam minus necessitatibus distinctio natus.', 'Vitae dolor ut ipsam ab est. Quae quia ipsum veniam sed repellendus pariatur dolorem natus. Quis enim possimus et at.', 7, 1, 0, 0, 0, 0, 'Nam minus necessitatibus distinctio natus.', 0, 0, 0);
INSERT INTO `topics` VALUES (72, 'Molestiae et reiciendis totam consectetur qui non.', 'Quas laborum at dolorem aspernatur qui. Voluptatem nemo est molestiae aut quo in. Iure quia et quia aspernatur perferendis maxime autem.', 6, 1, 0, 0, 0, 0, 'Molestiae et reiciendis totam consectetur qui non.', 0, 0, 0);
INSERT INTO `topics` VALUES (73, 'Aut autem odit ratione aperiam molestiae.', 'Et non recusandae voluptatem ut dicta et. Quisquam provident totam qui corporis. Ab reiciendis quo rerum dolor labore. At sed consequatur ipsum illo temporibus ab nam.', 7, 4, 0, 0, 0, 0, 'Aut autem odit ratione aperiam molestiae.', 0, 0, 0);
INSERT INTO `topics` VALUES (74, 'Sit accusantium sed fuga et id necessitatibus et.', 'Dolorem et nemo quia quas quae necessitatibus. Necessitatibus dolor voluptatem et.', 2, 3, 0, 0, 0, 0, 'Sit accusantium sed fuga et id necessitatibus et.', 0, 0, 0);
INSERT INTO `topics` VALUES (75, 'Ullam expedita numquam quo blanditiis.', 'Eaque vero aut fuga ullam quam accusantium est. Quibusdam mollitia nemo mollitia hic. Ipsa cum voluptates optio dolorum.', 4, 1, 0, 0, 0, 0, 'Ullam expedita numquam quo blanditiis.', 0, 0, 0);
INSERT INTO `topics` VALUES (76, 'Commodi placeat nesciunt vero qui consequatur nisi.', 'Non et quidem reprehenderit architecto. Ratione excepturi cupiditate aut ut ducimus consequatur non. Ut magni nemo qui autem. Voluptatem et perspiciatis itaque aut qui quidem harum.', 4, 4, 0, 0, 0, 0, 'Commodi placeat nesciunt vero qui consequatur nisi.', 0, 0, 0);
INSERT INTO `topics` VALUES (77, 'A est deleniti vero aut.', 'Rerum et velit quam ex aut in et magnam. Repellat est odio fugit ipsum magnam iusto. Aut ipsam quas necessitatibus officiis qui cupiditate.', 10, 4, 0, 0, 0, 0, 'A est deleniti vero aut.', 0, 0, 0);
INSERT INTO `topics` VALUES (78, 'Possimus eum minus hic iusto omnis eum quia.', 'Omnis fugit nesciunt et in. Et aliquam dignissimos repellat ipsam enim consequatur corporis. Laudantium voluptas nobis velit voluptatem.', 3, 3, 0, 0, 0, 0, 'Possimus eum minus hic iusto omnis eum quia.', 0, 0, 0);
INSERT INTO `topics` VALUES (79, 'Voluptatem aspernatur repellat praesentium officia accusamus incidunt.', 'Cum minus sit consequatur dolores qui modi ab. Non adipisci consequatur dolorum ut dolores ipsum autem doloribus. Ut quas quia dolor fugit qui rerum veniam.', 2, 2, 0, 0, 0, 0, 'Voluptatem aspernatur repellat praesentium officia accusamus incidunt.', 0, 0, 0);
INSERT INTO `topics` VALUES (80, 'Enim excepturi nemo et qui sit.', 'Eius vero aut blanditiis in omnis. Natus corrupti et voluptatem ullam sit. Illo eum nemo optio cum aut.', 3, 4, 0, 0, 0, 0, 'Enim excepturi nemo et qui sit.', 0, 0, 0);
INSERT INTO `topics` VALUES (81, 'Amet cum minus voluptas veritatis voluptatum beatae.', 'Et eum exercitationem et cumque in rerum. Quibusdam et ullam sed maiores. Dolorem et aliquam qui quaerat.', 4, 4, 0, 0, 0, 0, 'Amet cum minus voluptas veritatis voluptatum beatae.', 0, 0, 0);
INSERT INTO `topics` VALUES (82, 'Ratione amet sint fugiat ea distinctio reprehenderit dicta.', 'Possimus ea earum et occaecati officia amet reprehenderit ducimus. Accusamus est nemo minus tenetur repudiandae. Quod assumenda suscipit fuga et impedit ipsam dolor.', 3, 4, 0, 0, 0, 0, 'Ratione amet sint fugiat ea distinctio reprehenderit dicta.', 0, 0, 0);
INSERT INTO `topics` VALUES (83, 'Sed ullam autem est deleniti minima.', 'Facilis aspernatur autem aut. Perferendis qui quia tempore quod aut. Commodi vel nam molestiae nobis eaque odio ab. Consequuntur non aliquid natus quis placeat dolorum.', 4, 3, 0, 0, 0, 0, 'Sed ullam autem est deleniti minima.', 0, 0, 0);
INSERT INTO `topics` VALUES (84, 'Cupiditate occaecati facilis sit ut explicabo officia veritatis.', 'Nihil nulla provident repudiandae et. Perferendis odit atque velit est autem illum non. Necessitatibus nobis sunt animi sed fugiat iste.', 2, 1, 0, 0, 0, 0, 'Cupiditate occaecati facilis sit ut explicabo officia veritatis.', 0, 0, 0);
INSERT INTO `topics` VALUES (85, 'Voluptas consequatur aut dolor officia qui.', 'Provident rerum est sint natus non quis et et. Ea nihil perspiciatis et. Eveniet aut ut eos odit sed officiis. Quia beatae in et ipsa quas iusto. Qui dolores quas sit. Aperiam soluta at rerum.', 7, 3, 0, 0, 0, 0, 'Voluptas consequatur aut dolor officia qui.', 0, 0, 0);
INSERT INTO `topics` VALUES (86, 'Odit nam eligendi ut et sunt enim perspiciatis.', 'Debitis quo beatae accusantium maxime. Ex et veniam cum vitae sunt et unde. Omnis adipisci in rerum qui omnis labore. Corporis minus debitis alias iste magnam et.', 5, 2, 0, 0, 0, 0, 'Odit nam eligendi ut et sunt enim perspiciatis.', 0, 0, 0);
INSERT INTO `topics` VALUES (87, 'Magnam voluptas unde molestiae dolore et qui magnam.', 'Quis distinctio eos officia impedit. Necessitatibus et inventore et et culpa deserunt aut. Quia cumque qui quidem ad dolor quae eaque incidunt. Assumenda magnam ex saepe.', 3, 3, 0, 0, 0, 0, 'Magnam voluptas unde molestiae dolore et qui magnam.', 0, 0, 0);
INSERT INTO `topics` VALUES (88, 'Est esse illum quo dolores expedita.', 'Facere quia debitis cum sed ratione sed est. Dolores voluptatibus recusandae voluptatem voluptatibus. Distinctio assumenda est facere quia laborum a est.', 7, 4, 0, 0, 0, 0, 'Est esse illum quo dolores expedita.', 0, 0, 0);
INSERT INTO `topics` VALUES (89, 'Aut iusto ex et quisquam voluptates.', 'Accusantium a perspiciatis vero amet atque. Dolorem voluptas occaecati saepe eligendi tempore vitae. Unde nihil earum quia minus dicta expedita. Sapiente vero repellendus odio.', 10, 2, 0, 0, 0, 0, 'Aut iusto ex et quisquam voluptates.', 0, 0, 0);
INSERT INTO `topics` VALUES (90, 'Earum nemo nesciunt ut vero.', 'Est qui quo velit hic labore hic qui soluta. Enim deleniti sint distinctio accusantium eius est mollitia. Ratione id earum qui qui.', 2, 1, 0, 0, 0, 0, 'Earum nemo nesciunt ut vero.', 0, 0, 0);
INSERT INTO `topics` VALUES (91, 'Et illum repudiandae saepe.', 'Et incidunt provident ducimus molestias vitae aliquid. Dolor omnis vitae neque. Voluptatem quis quas consequatur officia. Eum repellendus qui iste unde repellendus magnam.', 3, 3, 0, 0, 0, 0, 'Et illum repudiandae saepe.', 0, 0, 0);
INSERT INTO `topics` VALUES (92, 'Totam quo aut unde nobis quos.', 'Sapiente eaque voluptatem et et voluptas sed. Tenetur est ullam sunt voluptatem recusandae aut. Commodi ratione repellat ut atque. Incidunt eligendi est fugit adipisci aut quo itaque.', 6, 1, 0, 0, 0, 0, 'Totam quo aut unde nobis quos.', 0, 0, 0);
INSERT INTO `topics` VALUES (93, 'Neque vel facere in qui accusamus.', 'Nisi sint eaque velit. Esse odit cum minima iste. Excepturi impedit eos ea aperiam atque.', 10, 3, 0, 0, 0, 0, 'Neque vel facere in qui accusamus.', 0, 0, 0);
INSERT INTO `topics` VALUES (94, 'Facere qui error quia numquam dolorem.', 'Nemo velit sint cupiditate totam aut suscipit. Sunt ab culpa veniam saepe omnis repudiandae ducimus explicabo.', 1, 3, 0, 0, 0, 0, 'Facere qui error quia numquam dolorem.', 0, 0, 0);
INSERT INTO `topics` VALUES (95, 'Dolorem maiores consequatur sed omnis corrupti inventore magnam qui.', 'Eum laboriosam tempore nostrum. Est non asperiores odit. Ut consequatur doloribus ipsam eum. Dolorem rerum quas consequuntur id unde dolores eveniet.', 8, 4, 0, 0, 0, 0, 'Dolorem maiores consequatur sed omnis corrupti inventore magnam qui.', 0, 0, 0);
INSERT INTO `topics` VALUES (96, 'Nulla voluptatem facilis rem distinctio qui aut.', 'Quasi tempore inventore non illo eum omnis consequatur odit. Aspernatur eum expedita vitae quia eos. Et sit rerum enim et. Aut eos est quidem itaque.', 5, 4, 0, 0, 0, 0, 'Nulla voluptatem facilis rem distinctio qui aut.', 0, 0, 0);
INSERT INTO `topics` VALUES (97, 'Sequi eos nostrum nisi veritatis voluptatem veniam.', 'Praesentium perspiciatis hic aut consectetur autem. Quia animi aut culpa in nesciunt. Quibusdam est rerum sed id eius.', 3, 3, 0, 0, 0, 0, 'Sequi eos nostrum nisi veritatis voluptatem veniam.', 0, 0, 0);
INSERT INTO `topics` VALUES (98, 'Sed illo eos dolorem.', 'Illo quisquam numquam fugit hic libero pariatur aspernatur earum. Et optio optio culpa ut quibusdam sit. Illo et est officiis quas. Dolor numquam modi et facilis quis quos veritatis.', 1, 1, 0, 0, 0, 0, 'Sed illo eos dolorem.', 0, 0, 0);
INSERT INTO `topics` VALUES (99, 'Assumenda eaque tenetur omnis et commodi voluptas quia.', 'Aut quo error nihil voluptatem aut voluptatibus. Possimus porro itaque sed autem. Earum consectetur in incidunt nihil officiis ipsum. Atque praesentium optio ea.', 6, 3, 0, 0, 0, 0, 'Assumenda eaque tenetur omnis et commodi voluptas quia.', 0, 0, 0);
INSERT INTO `topics` VALUES (100, 'Nisi quia vero eaque eius.', 'Labore laboriosam rerum blanditiis reprehenderit voluptatem tempore aspernatur. Ex ipsum veniam repellat ut quam. Numquam vel provident asperiores sequi. Maiores quia id sed non consequuntur.', 4, 2, 0, 0, 0, 0, 'Nisi quia vero eaque eius.', 0, 0, 0);
COMMIT;

-- ----------------------------
-- Table structure for users
-- ----------------------------
DROP TABLE IF EXISTS `users`;
CREATE TABLE `users` (
  `id` int(10) unsigned NOT NULL AUTO_INCREMENT,
  `name` varchar(100) COLLATE utf8mb4_unicode_ci NOT NULL COMMENT '姓名',
  `phone` varchar(15) COLLATE utf8mb4_unicode_ci DEFAULT NULL COMMENT '手机号',
  `email` varchar(50) COLLATE utf8mb4_unicode_ci DEFAULT NULL COMMENT '邮箱',
  `password` varchar(64) COLLATE utf8mb4_unicode_ci DEFAULT NULL COMMENT '密码',
  `weixin_openid` varchar(64) COLLATE utf8mb4_unicode_ci DEFAULT NULL COMMENT '微信openid',
  `remember_token` varchar(64) COLLATE utf8mb4_unicode_ci DEFAULT NULL COMMENT 'token',
  `avatar` varchar(255) COLLATE utf8mb4_unicode_ci DEFAULT NULL COMMENT '头像url',
  `introduction` varchar(255) COLLATE utf8mb4_unicode_ci DEFAULT NULL COMMENT '个人简介',
  `notification_count` int(10) unsigned NOT NULL DEFAULT '0' COMMENT '回复数量',
  `create_time` int(10) unsigned NOT NULL DEFAULT '0' COMMENT '添加时间',
  `update_time` int(10) unsigned NOT NULL DEFAULT '0' COMMENT '更新时间',
  `last_active_time` int(10) unsigned NOT NULL DEFAULT '0' COMMENT '最后活跃时间',
  PRIMARY KEY (`id`),
  UNIQUE KEY `users_email_unique` (`email`),
  UNIQUE KEY `users_phone_unique` (`phone`),
  UNIQUE KEY `users_weixin_openid_unique` (`weixin_openid`)
) ENGINE=InnoDB AUTO_INCREMENT=15071 DEFAULT CHARSET=utf8mb4 COLLATE=utf8mb4_unicode_ci COMMENT='用户表';

-- ----------------------------
-- Records of users
-- ----------------------------
BEGIN;
INSERT INTO `users` VALUES (1, 'Summer', NULL, 'summer@yousails.com', '$2y$10$1NWqa9Jbg7LXU4kamiM9Buh.6vrEZkmy3tTgPOvsjtriIoNL3l5SS', NULL, 'eLpehF1Xc9', 'http://larabbs.test/uploads/images/avatars/202001/04/1_1578142796_SAAxOZhxYM.png', 'Aspernatur eligendi quam eos.', 0, 0, 0, 0);
INSERT INTO `users` VALUES (2, 'Darien Heller Sr.', NULL, 'vernon98@example.org', '$2y$10$1NWqa9Jbg7LXU4kamiM9Buh.6vrEZkmy3tTgPOvsjtriIoNL3l5SS', NULL, 'ME9ykplDLm', 'https://iocaffcdn.phphub.org/uploads/images/201710/14/1/Lhd1SHqu86.png?imageView2/1/w/200/h/200', 'Maiores labore sint sit repellendus omnis aperiam.', 0, 0, 0, 0);
INSERT INTO `users` VALUES (3, 'Helena Daniel', NULL, 'destin.abshire@example.org', '$2y$10$1NWqa9Jbg7LXU4kamiM9Buh.6vrEZkmy3tTgPOvsjtriIoNL3l5SS', NULL, 'cbnkp4TCVF', 'https://iocaffcdn.phphub.org/uploads/images/201710/14/1/LOnMrqbHJn.png?imageView2/1/w/200/h/200', 'Excepturi beatae ut eum fuga voluptatem a corporis possimus.', 0, 0, 0, 0);
INSERT INTO `users` VALUES (4, 'Prof. Scottie Ferry I', NULL, 'walter.gerhard@example.net', '$2y$10$1NWqa9Jbg7LXU4kamiM9Buh.6vrEZkmy3tTgPOvsjtriIoNL3l5SS', NULL, 'kBj3OykwCY', 'https://iocaffcdn.phphub.org/uploads/images/201710/14/1/NDnzMutoxX.png?imageView2/1/w/200/h/200', 'Maxime enim eius aut et quos.', 0, 0, 0, 0);
INSERT INTO `users` VALUES (5, 'Niko Erdman', NULL, 'brandyn.keebler@example.net', '$2y$10$1NWqa9Jbg7LXU4kamiM9Buh.6vrEZkmy3tTgPOvsjtriIoNL3l5SS', NULL, '0wEBEY2SS3', 'https://iocaffcdn.phphub.org/uploads/images/201710/14/1/Lhd1SHqu86.png?imageView2/1/w/200/h/200', 'Minima ea odio vero eos optio consectetur quam esse.', 0, 0, 0, 0);
INSERT INTO `users` VALUES (6, 'Robyn Mueller', NULL, 'enitzsche@example.com', '$2y$10$1NWqa9Jbg7LXU4kamiM9Buh.6vrEZkmy3tTgPOvsjtriIoNL3l5SS', NULL, 'vpr2jsAS6I', 'https://iocaffcdn.phphub.org/uploads/images/201710/14/1/s5ehp11z6s.png?imageView2/1/w/200/h/200', 'Est deserunt praesentium error laudantium.', 0, 0, 0, 0);
INSERT INTO `users` VALUES (7, 'Nyasia Bernhard', NULL, 'phyllis29@example.org', '$2y$10$1NWqa9Jbg7LXU4kamiM9Buh.6vrEZkmy3tTgPOvsjtriIoNL3l5SS', NULL, 'RXwTN0TVuz', 'https://iocaffcdn.phphub.org/uploads/images/201710/14/1/LOnMrqbHJn.png?imageView2/1/w/200/h/200', 'Tempora alias debitis aut.', 0, 0, 0, 0);
INSERT INTO `users` VALUES (8, 'Mrs. Roslyn Hayes', NULL, 'elroy.kulas@example.org', '$2y$10$1NWqa9Jbg7LXU4kamiM9Buh.6vrEZkmy3tTgPOvsjtriIoNL3l5SS', NULL, '9iDwmQwDqA', 'https://iocaffcdn.phphub.org/uploads/images/201710/14/1/Lhd1SHqu86.png?imageView2/1/w/200/h/200', 'Minus nostrum quibusdam quos quia soluta reiciendis.', 0, 0, 0, 0);
INSERT INTO `users` VALUES (9, 'Viva Kiehn', NULL, 'randall71@example.com', '$2y$10$1NWqa9Jbg7LXU4kamiM9Buh.6vrEZkmy3tTgPOvsjtriIoNL3l5SS', NULL, 'DvNdOFdQD3', 'https://iocaffcdn.phphub.org/uploads/images/201710/14/1/Lhd1SHqu86.png?imageView2/1/w/200/h/200', 'Aut velit est eum placeat.', 0, 0, 0, 0);
INSERT INTO `users` VALUES (10, 'Camden Lakin I', NULL, 'maybelle.hermiston@example.com', '$2y$10$1NWqa9Jbg7LXU4kamiM9Buh.6vrEZkmy3tTgPOvsjtriIoNL3l5SS', NULL, 'kK1jqQVkXn', 'https://iocaffcdn.phphub.org/uploads/images/201710/14/1/NDnzMutoxX.png?imageView2/1/w/200/h/200', 'Est sequi beatae qui est enim vero.', 0, 0, 0, 0);
COMMIT;

SET FOREIGN_KEY_CHECKS = 1;
